t_min,lon,lat
0.0,-59.0,-2.145
6.0,-58.9997300143408,-2.1447302035182245
9.0,-59.0,-2.1444604070364486
9.0,-59.0,-2.1452697964817755
12.0,-59.0002699856592,-2.1444604070364486
12.0,-59.0,-2.1447302035182245
12.0,-58.9997300143408,-2.145
12.0,-58.9997300143408,-2.1452697964817755
12.0,-58.9997300143408,-2.1455395929635515
15.0,-59.0,-2.144190610554673
15.0,-58.9997300143408,-2.144190610554673
15.0,-58.999460028681604,-2.1455395929635515
18.0,-58.9997300143408,-2.1444604070364486
18.0,-59.0002699856592,-2.144190610554673
18.0,-59.000539971318396,-2.1447302035182245
18.0,-58.999460028681604,-2.1444604070364486
18.0,-58.999460028681604,-2.145
18.0,-58.9997300143408,-2.145809389445327
18.0,-58.9991900430224,-2.145809389445327
21.0,-58.999460028681604,-2.144190610554673
21.0,-58.9991900430224,-2.1447302035182245
21.0,-59.0,-2.1455395929635515
21.0,-58.9991900430224,-2.1455395929635515
21.0,-58.999460028681604,-2.145809389445327
21.0,-58.9991900430224,-2.1460791859271025
24.0,-58.9997300143408,-2.1439208140728976
24.0,-58.9991900430224,-2.1439208140728976
24.0,-58.9991900430224,-2.1444604070364486
24.0,-58.9991900430224,-2.144190610554673
24.0,-59.0002699856592,-2.1447302035182245
24.0,-58.99892005736321,-2.1447302035182245
24.0,-58.9991900430224,-2.145
24.0,-58.999460028681604,-2.1452697964817755
24.0,-58.99892005736321,-2.1452697964817755
24.0,-58.99892005736321,-2.1460791859271025
24.0,-58.99892005736321,-2.145809389445327
24.0,-58.999460028681604,-2.1460791859271025
24.0,-58.99892005736321,-2.146348982408878
27.0,-59.000539971318396,-2.1439208140728976
27.0,-59.000539971318396,-2.1444604070364486
27.0,-59.0008099569776,-2.1444604070364486
27.0,-58.9991900430224,-2.1452697964817755
27.0,-58.99892005736321,-2.145
27.0,-59.0,-2.145809389445327
27.0,-58.998650071704006,-2.1460791859271025
30.0,-59.0002699856592,-2.143651017591122
30.0,-59.0008099569776,-2.144190610554673
30.0,-59.000539971318396,-2.144190610554673
30.0,-59.00107994263679,-2.1447302035182245
30.0,-59.0008099569776,-2.1447302035182245
30.0,-58.998650071704006,-2.1447302035182245
30.0,-58.998650071704006,-2.145
30.0,-58.999460028681604,-2.1447302035182245
30.0,-58.998650071704006,-2.1452697964817755
30.0,-58.99892005736321,-2.1455395929635515
30.0,-58.99838008604481,-2.145809389445327
30.0,-58.99892005736321,-2.146618778890654
33.0,-59.0,-2.143651017591122
33.0,-59.00107994263679,-2.144190610554673
33.0,-58.99892005736321,-2.144190610554673
33.0,-59.00107994263679,-2.145
33.0,-58.99892005736321,-2.1444604070364486
33.0,-58.99838008604481,-2.1455395929635515
33.0,-59.0002699856592,-2.1455395929635515
33.0,-58.9997300143408,-2.1460791859271025
33.0,-58.99811010038561,-2.145809389445327
33.0,-58.99838008604481,-2.146348982408878
33.0,-58.998650071704006,-2.146348982408878
33.0,-58.998650071704006,-2.146618778890654
36.0,-58.9997300143408,-2.143651017591122
36.0,-59.0002699856592,-2.1439208140728976
36.0,-59.000539971318396,-2.143651017591122
36.0,-58.999460028681604,-2.143651017591122
36.0,-58.998650071704006,-2.1444604070364486
36.0,-59.000539971318396,-2.145
36.0,-59.0002699856592,-2.145
36.0,-58.99838008604481,-2.1447302035182245
36.0,-59.0008099569776,-2.1452697964817755
36.0,-58.998650071704006,-2.1455395929635515
36.0,-59.000539971318396,-2.145809389445327
36.0,-58.99838008604481,-2.1452697964817755
36.0,-58.997840114726415,-2.1460791859271025
36.0,-58.99838008604481,-2.1460791859271025
36.0,-58.99811010038561,-2.146618778890654
36.0,-58.9991900430224,-2.1468885753724294
36.0,-58.99838008604481,-2.146618778890654
39.0,-58.999460028681604,-2.1439208140728976
39.0,-58.998650071704006,-2.144190610554673
39.0,-58.99838008604481,-2.144190610554673
39.0,-59.0008099569776,-2.145
39.0,-58.99811010038561,-2.1444604070364486
39.0,-58.998650071704006,-2.145809389445327
39.0,-59.000539971318396,-2.1460791859271025
39.0,-58.997840114726415,-2.1455395929635515
39.0,-58.99757012906721,-2.145809389445327
39.0,-58.99757012906721,-2.146348982408878
39.0,-58.99892005736321,-2.1468885753724294
39.0,-58.997840114726415,-2.146618778890654
39.0,-58.999460028681604,-2.1468885753724294
42.0,-59.0008099569776,-2.143381221109346
42.0,-59.0008099569776,-2.1439208140728976
42.0,-59.00107994263679,-2.1452697964817755
42.0,-59.000539971318396,-2.1452697964817755
42.0,-59.00107994263679,-2.1455395929635515
42.0,-58.99811010038561,-2.1455395929635515
42.0,-59.0002699856592,-2.145809389445327
42.0,-59.0002699856592,-2.1460791859271025
42.0,-59.0,-2.1460791859271025
42.0,-58.99730014340802,-2.145809389445327
42.0,-59.0008099569776,-2.1460791859271025
42.0,-58.99838008604481,-2.1468885753724294
42.0,-58.999460028681604,-2.146618778890654
45.0,-59.000539971318396,-2.143381221109346
45.0,-59.0002699856592,-2.143381221109346
45.0,-59.0,-2.143381221109346
45.0,-59.00107994263679,-2.1439208140728976
45.0,-59.00107994263679,-2.1444604070364486
45.0,-58.998650071704006,-2.1439208140728976
45.0,-58.99811010038561,-2.1439208140728976
45.0,-58.99838008604481,-2.1444604070364486
45.0,-58.997840114726415,-2.1447302035182245
45.0,-59.001349928295994,-2.1455395929635515
45.0,-59.000539971318396,-2.1455395929635515
45.0,-58.99838008604481,-2.145
45.0,-58.997840114726415,-2.145809389445327
45.0,-58.99757012906721,-2.1455395929635515
45.0,-59.0,-2.146348982408878
45.0,-58.99811010038561,-2.146348982408878
45.0,-58.9991900430224,-2.146618778890654
45.0,-58.998650071704006,-2.1468885753724294
45.0,-58.997840114726415,-2.1468885753724294
45.0,-58.9997300143408,-2.147158371854205
45.0,-58.99892005736321,-2.147158371854205
45.0,-58.99811010038561,-2.1468885753724294
45.0,-58.99811010038561,-2.147158371854205
48.0,-58.9997300143408,-2.143381221109346
48.0,-59.001349928295994,-2.143651017591122
48.0,-59.00107994263679,-2.143651017591122
48.0,-59.0,-2.1439208140728976
48.0,-58.998650071704006,-2.143651017591122
48.0,-58.997840114726415,-2.144190610554673
48.0,-58.99838008604481,-2.1439208140728976
48.0,-58.99811010038561,-2.144190610554673
48.0,-58.99811010038561,-2.1447302035182245
48.0,-59.001349928295994,-2.145
48.0,-58.99811010038561,-2.1452697964817755
48.0,-59.001349928295994,-2.145809389445327
48.0,-59.00107994263679,-2.145809389445327
48.0,-59.0008099569776,-2.145809389445327
48.0,-58.99730014340802,-2.1455395929635515
48.0,-58.99757012906721,-2.1460791859271025
48.0,-58.9997300143408,-2.146348982408878
48.0,-58.99811010038561,-2.1460791859271025
48.0,-58.997840114726415,-2.146348982408878
48.0,-58.9991900430224,-2.147158371854205
48.0,-58.998650071704006,-2.147158371854205
48.0,-58.99838008604481,-2.147158371854205
48.0,-58.99757012906721,-2.1468885753724294
48.0,-58.99892005736321,-2.1474281683359804
48.0,-58.998650071704006,-2.1474281683359804
51.0,-59.0,-2.1431114246275706
51.0,-59.0008099569776,-2.143651017591122
51.0,-58.99757012906721,-2.144190610554673
51.0,-59.001349928295994,-2.1447302035182245
51.0,-59.0002699856592,-2.1452697964817755
51.0,-58.997840114726415,-2.1452697964817755
51.0,-58.99757012906721,-2.1452697964817755
51.0,-59.00107994263679,-2.1460791859271025
51.0,-58.99730014340802,-2.1460791859271025
51.0,-59.0002699856592,-2.146618778890654
51.0,-58.999460028681604,-2.146348982408878
51.0,-58.9997300143408,-2.146618778890654
51.0,-58.99757012906721,-2.146618778890654
51.0,-58.9997300143408,-2.1468885753724294
51.0,-58.997840114726415,-2.147158371854205
51.0,-58.99730014340802,-2.146618778890654
51.0,-58.99730014340802,-2.147158371854205
51.0,-58.99838008604481,-2.1474281683359804
54.0,-58.9997300143408,-2.1431114246275706
54.0,-59.00161991395519,-2.1439208140728976
54.0,-58.997840114726415,-2.143651017591122
54.0,-58.997840114726415,-2.1444604070364486
54.0,-58.997840114726415,-2.145
54.0,-59.001349928295994,-2.1452697964817755
54.0,-58.99811010038561,-2.145
54.0,-59.00161991395519,-2.1460791859271025
54.0,-59.0008099569776,-2.1455395929635515
54.0,-59.0008099569776,-2.146348982408878
54.0,-59.000539971318396,-2.146348982408878
54.0,-58.99703015774882,-2.146348982408878
54.0,-58.99730014340802,-2.146348982408878
54.0,-59.0,-2.147158371854205
54.0,-59.0,-2.1468885753724294
54.0,-58.9991900430224,-2.1474281683359804
54.0,-58.99757012906721,-2.147158371854205
54.0,-58.99703015774882,-2.1468885753724294
54.0,-58.99703015774882,-2.1474281683359804
54.0,-58.99838008604481,-2.1476979648177563
57.0,-58.9997300143408,-2.142841628145795
57.0,-58.999460028681604,-2.143381221109346
57.0,-58.99838008604481,-2.143381221109346
57.0,-58.99757012906721,-2.143651017591122
57.0,-59.001349928295994,-2.1439208140728976
57.0,-58.99838008604481,-2.143651017591122
57.0,-58.99757012906721,-2.1447302035182245
57.0,-59.001349928295994,-2.1444604070364486
57.0,-58.99730014340802,-2.1452697964817755
57.0,-59.001349928295994,-2.1460791859271025
57.0,-59.00188989961439,-2.146348982408878
57.0,-59.000539971318396,-2.146618778890654
57.0,-58.99676017208962,-2.1460791859271025
57.0,-58.9991900430224,-2.146348982408878
57.0,-59.0002699856592,-2.147158371854205
57.0,-58.999460028681604,-2.1474281683359804
57.0,-58.99811010038561,-2.1474281683359804
57.0,-58.99757012906721,-2.1474281683359804
57.0,-58.99730014340802,-2.1468885753724294
57.0,-58.99892005736321,-2.1476979648177563
60.0,-58.9997300143408,-2.1425718316640197
60.0,-59.000539971318396,-2.1431114246275706
60.0,-58.9991900430224,-2.143651017591122
60.0,-59.00161991395519,-2.143381221109346
60.0,-59.00107994263679,-2.143381221109346
60.0,-58.998650071704006,-2.143381221109346
60.0,-58.99811010038561,-2.143651017591122
60.0,-59.00161991395519,-2.143651017591122
60.0,-59.001349928295994,-2.144190610554673
60.0,-58.997840114726415,-2.1439208140728976
60.0,-58.99730014340802,-2.1444604070364486
60.0,-58.99703015774882,-2.1455395929635515
60.0,-59.001349928295994,-2.146348982408878
60.0,-59.00188989961439,-2.146618778890654
60.0,-58.99703015774882,-2.146618778890654
60.0,-59.0008099569776,-2.1468885753724294
60.0,-59.0,-2.146618778890654
60.0,-58.99703015774882,-2.147158371854205
60.0,-59.000539971318396,-2.1474281683359804
60.0,-58.999460028681604,-2.1476979648177563
60.0,-58.9991900430224,-2.1476979648177563
60.0,-58.99811010038561,-2.1476979648177563
60.0,-58.99757012906721,-2.1476979648177563
60.0,-58.99730014340802,-2.1476979648177563
60.0,-58.998650071704006,-2.147967761299532
63.0,-58.99811010038561,-2.143381221109346
63.0,-59.001349928295994,-2.143381221109346
63.0,-58.99730014340802,-2.143651017591122
63.0,-58.99757012906721,-2.1444604070364486
63.0,-58.99703015774882,-2.1452697964817755
63.0,-59.00161991395519,-2.146348982408878
63.0,-59.00188989961439,-2.1460791859271025
63.0,-59.002159885273585,-2.1468885753724294
63.0,-59.0008099569776,-2.146618778890654
63.0,-58.99676017208962,-2.1468885753724294
63.0,-59.000539971318396,-2.147158371854205
63.0,-59.0002699856592,-2.1468885753724294
63.0,-58.99676017208962,-2.147158371854205
63.0,-59.0002699856592,-2.1474281683359804
63.0,-58.99730014340802,-2.1474281683359804
63.0,-58.998650071704006,-2.1476979648177563
63.0,-58.997840114726415,-2.1474281683359804
63.0,-58.9997300143408,-2.1476979648177563
63.0,-58.999460028681604,-2.147967761299532
63.0,-58.997840114726415,-2.147967761299532
63.0,-58.99757012906721,-2.147967761299532
63.0,-58.99838008604481,-2.147967761299532
63.0,-58.998650071704006,-2.1482375577813073
63.0,-58.99838008604481,-2.1482375577813073
66.0,-58.999460028681604,-2.1425718316640197
66.0,-58.999460028681604,-2.1431114246275706
66.0,-58.9991900430224,-2.143381221109346
66.0,-58.99838008604481,-2.1431114246275706
66.0,-58.99811010038561,-2.1431114246275706
66.0,-58.99703015774882,-2.1447302035182245
66.0,-59.00161991395519,-2.145
66.0,-58.99757012906721,-2.145
66.0,-58.99730014340802,-2.145
66.0,-58.99703015774882,-2.145
66.0,-58.99649018643042,-2.1460791859271025
66.0,-59.00107994263679,-2.1468885753724294
66.0,-58.99649018643042,-2.1468885753724294
66.0,-59.000539971318396,-2.1468885753724294
66.0,-59.0008099569776,-2.147158371854205
66.0,-58.99649018643042,-2.147158371854205
66.0,-59.0002699856592,-2.1476979648177563
66.0,-58.99676017208962,-2.1476979648177563
66.0,-58.9991900430224,-2.147967761299532
66.0,-58.9997300143408,-2.147967761299532
66.0,-58.999460028681604,-2.1482375577813073
66.0,-58.99811010038561,-2.1482375577813073
66.0,-58.99811010038561,-2.1485073542630833
69.0,-59.0,-2.1425718316640197
69.0,-59.000539971318396,-2.142841628145795
69.0,-58.99811010038561,-2.142841628145795
69.0,-59.00161991395519,-2.1431114246275706
69.0,-59.00188989961439,-2.143651017591122
69.0,-59.001349928295994,-2.1431114246275706
69.0,-59.0008099569776,-2.1431114246275706
69.0,-58.99892005736321,-2.143651017591122
69.0,-58.997840114726415,-2.143381221109346
69.0,-58.99703015774882,-2.1439208140728976
69.0,-58.99730014340802,-2.144190610554673
69.0,-58.99730014340802,-2.1447302035182245
69.0,-59.00161991395519,-2.145809389445327
69.0,-58.99676017208962,-2.145809389445327
69.0,-58.99649018643042,-2.145809389445327
69.0,-58.99649018643042,-2.146348982408878
69.0,-59.00161991395519,-2.146618778890654
69.0,-59.00161991395519,-2.1468885753724294
69.0,-58.99676017208962,-2.146618778890654
69.0,-58.996220200771226,-2.1468885753724294
69.0,-58.99649018643042,-2.1474281683359804
69.0,-58.99676017208962,-2.1474281683359804
69.0,-59.0,-2.1476979648177563
69.0,-58.997840114726415,-2.1476979648177563
69.0,-58.99811010038561,-2.147967761299532
69.0,-58.9991900430224,-2.1482375577813073
69.0,-58.99892005736321,-2.1482375577813073
69.0,-58.99757012906721,-2.1482375577813073
69.0,-58.99730014340802,-2.147967761299532
69.0,-58.997840114726415,-2.1482375577813073
69.0,-58.99892005736321,-2.147967761299532
69.0,-58.998650071704006,-2.1485073542630833
72.0,-58.9991900430224,-2.1423020351822437
72.0,-59.0002699856592,-2.142841628145795
72.0,-58.99838008604481,-2.142841628145795
72.0,-59.00188989961439,-2.143381221109346
72.0,-58.99892005736321,-2.143381221109346
72.0,-58.99703015774882,-2.144190610554673
72.0,-58.99703015774882,-2.1444604070364486
72.0,-59.00161991395519,-2.1455395929635515
72.0,-58.99703015774882,-2.1460791859271025
72.0,-58.996220200771226,-2.1460791859271025
72.0,-59.001349928295994,-2.1468885753724294
72.0,-59.00107994263679,-2.146618778890654
72.0,-58.996220200771226,-2.146618778890654
72.0,-59.0,-2.1474281683359804
72.0,-58.996220200771226,-2.1476979648177563
72.0,-58.99703015774882,-2.1476979648177563
72.0,-58.9997300143408,-2.1482375577813073
72.0,-58.99730014340802,-2.1482375577813073
72.0,-58.99703015774882,-2.147967761299532
72.0,-58.99892005736321,-2.1485073542630833
72.0,-58.99730014340802,-2.1485073542630833
72.0,-58.997840114726415,-2.1485073542630833
75.0,-58.9991900430224,-2.1425718316640197
75.0,-59.0002699856592,-2.1431114246275706
75.0,-59.0008099569776,-2.142841628145795
75.0,-59.00107994263679,-2.1431114246275706
75.0,-58.9991900430224,-2.1431114246275706
75.0,-58.997840114726415,-2.1431114246275706
75.0,-58.99892005736321,-2.1439208140728976
75.0,-58.99757012906721,-2.1439208140728976
75.0,-59.00161991395519,-2.1444604070364486
75.0,-58.99676017208962,-2.1444604070364486
75.0,-58.996220200771226,-2.146348982408878
75.0,-58.995950215112025,-2.146348982408878
75.0,-59.001349928295994,-2.146618778890654
75.0,-59.002159885273585,-2.146618778890654
75.0,-59.00107994263679,-2.147158371854205
75.0,-59.0008099569776,-2.1476979648177563
75.0,-58.99649018643042,-2.1476979648177563
75.0,-58.9997300143408,-2.1474281683359804
75.0,-58.99703015774882,-2.1482375577813073
75.0,-58.999460028681604,-2.1485073542630833
75.0,-58.99757012906721,-2.1485073542630833
75.0,-58.99703015774882,-2.1485073542630833
75.0,-58.997840114726415,-2.1487771507448588
78.0,-59.0,-2.142841628145795
78.0,-59.00107994263679,-2.142841628145795
78.0,-59.0008099569776,-2.1425718316640197
78.0,-59.0002699856592,-2.1425718316640197
78.0,-58.99676017208962,-2.144190610554673
78.0,-58.99676017208962,-2.145
78.0,-59.00188989961439,-2.1455395929635515
78.0,-58.99703015774882,-2.145809389445327
78.0,-59.002159885273585,-2.1460791859271025
78.0,-59.00188989961439,-2.1468885753724294
78.0,-58.99649018643042,-2.146618778890654
78.0,-58.995950215112025,-2.1468885753724294
78.0,-59.00242987093279,-2.1468885753724294
78.0,-59.00161991395519,-2.147158371854205
78.0,-58.996220200771226,-2.147158371854205
78.0,-58.996220200771226,-2.1474281683359804
78.0,-59.0002699856592,-2.147967761299532
78.0,-58.99649018643042,-2.147967761299532
78.0,-58.995950215112025,-2.1476979648177563
78.0,-58.995950215112025,-2.147967761299532
78.0,-58.99676017208962,-2.1482375577813073
78.0,-58.99811010038561,-2.1487771507448588
81.0,-59.00107994263679,-2.1425718316640197
81.0,-59.0,-2.1423020351822437
81.0,-58.99892005736321,-2.1425718316640197
81.0,-58.99892005736321,-2.142841628145795
81.0,-58.997840114726415,-2.1425718316640197
81.0,-59.00188989961439,-2.142841628145795
81.0,-58.99892005736321,-2.1431114246275706
81.0,-58.998650071704006,-2.142841628145795
81.0,-58.99730014340802,-2.1439208140728976
81.0,-58.99703015774882,-2.143651017591122
81.0,-58.99676017208962,-2.1439208140728976
81.0,-58.99649018643042,-2.1444604070364486
81.0,-58.99676017208962,-2.1447302035182245
81.0,-59.00161991395519,-2.1447302035182245
81.0,-59.00188989961439,-2.1452697964817755
81.0,-59.00161991395519,-2.1452697964817755
81.0,-59.002159885273585,-2.146348982408878
81.0,-58.995950215112025,-2.145809389445327
81.0,-58.995950215112025,-2.1460791859271025
81.0,-58.99568022945283,-2.146348982408878
81.0,-59.002159885273585,-2.147158371854205
81.0,-58.995950215112025,-2.147158371854205
81.0,-59.00161991395519,-2.1474281683359804
81.0,-59.0008099569776,-2.1474281683359804
81.0,-58.999460028681604,-2.147158371854205
81.0,-59.000539971318396,-2.1476979648177563
81.0,-58.99676017208962,-2.147967761299532
81.0,-59.0002699856592,-2.1482375577813073
81.0,-58.9991900430224,-2.1485073542630833
81.0,-58.99838008604481,-2.1485073542630833
81.0,-58.99757012906721,-2.1487771507448588
84.0,-59.0,-2.142032238700468
84.0,-58.9997300143408,-2.142032238700468
84.0,-59.000539971318396,-2.1423020351822437
84.0,-58.9997300143408,-2.1423020351822437
84.0,-58.99892005736321,-2.1423020351822437
84.0,-58.99757012906721,-2.1423020351822437
84.0,-59.000539971318396,-2.1425718316640197
84.0,-58.998650071704006,-2.1425718316640197
84.0,-59.001349928295994,-2.142841628145795
84.0,-59.002159885273585,-2.1439208140728976
84.0,-58.99649018643042,-2.144190610554673
84.0,-59.002159885273585,-2.145
84.0,-59.002159885273585,-2.1452697964817755
84.0,-59.00188989961439,-2.145809389445327
84.0,-58.99568022945283,-2.1455395929635515
84.0,-59.00242987093279,-2.146348982408878
84.0,-58.99568022945283,-2.146618778890654
84.0,-59.00242987093279,-2.146618778890654
84.0,-59.001349928295994,-2.147158371854205
84.0,-58.995950215112025,-2.146618778890654
84.0,-59.00188989961439,-2.147158371854205
84.0,-59.002159885273585,-2.1474281683359804
84.0,-59.00188989961439,-2.1474281683359804
84.0,-58.99568022945283,-2.147158371854205
84.0,-58.995950215112025,-2.1474281683359804
84.0,-59.000539971318396,-2.147967761299532
84.0,-59.0,-2.147967761299532
84.0,-59.000539971318396,-2.1482375577813073
84.0,-59.0,-2.1482375577813073
84.0,-58.99649018643042,-2.1485073542630833
84.0,-58.9991900430224,-2.1487771507448588
84.0,-58.99838008604481,-2.1487771507448588
84.0,-58.99703015774882,-2.1487771507448588
84.0,-58.99676017208962,-2.1487771507448588
84.0,-58.99811010038561,-2.1490469472266343
87.0,-59.0,-2.1417624422186927
87.0,-58.9997300143408,-2.1417624422186927
87.0,-58.998650071704006,-2.142032238700468
87.0,-58.99757012906721,-2.1425718316640197
87.0,-58.99730014340802,-2.1425718316640197
87.0,-58.99838008604481,-2.1425718316640197
87.0,-59.00188989961439,-2.1439208140728976
87.0,-58.996220200771226,-2.1444604070364486
87.0,-59.00188989961439,-2.145
87.0,-58.99541024379363,-2.1455395929635515
87.0,-58.996220200771226,-2.145809389445327
87.0,-58.99541024379363,-2.1460791859271025
87.0,-59.00107994263679,-2.146348982408878
87.0,-58.99676017208962,-2.146348982408878
87.0,-59.00242987093279,-2.147158371854205
87.0,-59.0008099569776,-2.147967761299532
87.0,-58.996220200771226,-2.147967761299532
87.0,-58.99568022945283,-2.1474281683359804
87.0,-58.995950215112025,-2.1482375577813073
87.0,-58.99568022945283,-2.1482375577813073
87.0,-58.996220200771226,-2.1485073542630833
87.0,-58.9991900430224,-2.1490469472266343
87.0,-58.99838008604481,-2.1490469472266343
87.0,-58.99757012906721,-2.1490469472266343
87.0,-58.99649018643042,-2.1490469472266343
90.0,-58.998650071704006,-2.1423020351822437
90.0,-59.0008099569776,-2.1423020351822437
90.0,-58.999460028681604,-2.1423020351822437
90.0,-58.99838008604481,-2.1423020351822437
90.0,-58.99703015774882,-2.142841628145795
90.0,-59.002159885273585,-2.1431114246275706
90.0,-59.00161991395519,-2.142841628145795
90.0,-59.00161991395519,-2.144190610554673
90.0,-59.00188989961439,-2.1447302035182245
90.0,-58.996220200771226,-2.1447302035182245
90.0,-58.99649018643042,-2.1447302035182245
90.0,-58.99649018643042,-2.145
90.0,-58.99514025813443,-2.1455395929635515
90.0,-58.99514025813443,-2.145809389445327
90.0,-58.99568022945283,-2.1468885753724294
90.0,-58.99541024379363,-2.146618778890654
90.0,-59.00242987093279,-2.1476979648177563
90.0,-59.00188989961439,-2.1476979648177563
90.0,-59.00161991395519,-2.1476979648177563
90.0,-58.99541024379363,-2.1474281683359804
90.0,-59.00107994263679,-2.1474281683359804
90.0,-59.00107994263679,-2.147967761299532
90.0,-59.0002699856592,-2.1485073542630833
90.0,-58.99676017208962,-2.1485073542630833
90.0,-58.997840114726415,-2.1490469472266343
93.0,-58.9997300143408,-2.1414926457369168
93.0,-58.999460028681604,-2.142032238700468
93.0,-59.0002699856592,-2.1423020351822437
93.0,-58.9991900430224,-2.142032238700468
93.0,-58.99892005736321,-2.142032238700468
93.0,-58.99730014340802,-2.1423020351822437
93.0,-59.001349928295994,-2.1425718316640197
93.0,-58.99757012906721,-2.142841628145795
93.0,-59.00188989961439,-2.1425718316640197
93.0,-58.99703015774882,-2.1425718316640197
93.0,-59.002159885273585,-2.142841628145795
93.0,-58.99676017208962,-2.143651017591122
93.0,-59.00188989961439,-2.1444604070364486
93.0,-58.996220200771226,-2.144190610554673
93.0,-58.995950215112025,-2.1444604070364486
93.0,-58.99487027247523,-2.1452697964817755
93.0,-58.99568022945283,-2.1460791859271025
93.0,-58.99514025813443,-2.146348982408878
93.0,-58.99541024379363,-2.146348982408878
93.0,-58.99568022945283,-2.1476979648177563
93.0,-59.002159885273585,-2.147967761299532
93.0,-59.001349928295994,-2.147967761299532
93.0,-58.99568022945283,-2.147967761299532
93.0,-58.995950215112025,-2.1485073542630833
93.0,-59.0002699856592,-2.1487771507448588
93.0,-58.999460028681604,-2.1490469472266343
93.0,-58.99892005736321,-2.1490469472266343
93.0,-58.99892005736321,-2.1493167437084097
93.0,-58.99811010038561,-2.1493167437084097
93.0,-58.996220200771226,-2.1490469472266343
96.0,-59.0002699856592,-2.1414926457369168
96.0,-59.0,-2.1414926457369168
96.0,-58.99838008604481,-2.142032238700468
96.0,-59.0002699856592,-2.142032238700468
96.0,-58.997840114726415,-2.142032238700468
96.0,-59.002159885273585,-2.1423020351822437
96.0,-59.00107994263679,-2.1423020351822437
96.0,-58.99811010038561,-2.1425718316640197
96.0,-59.00188989961439,-2.1431114246275706
96.0,-58.998650071704006,-2.1431114246275706
96.0,-59.002159885273585,-2.144190610554673
96.0,-58.996220200771226,-2.1439208140728976
96.0,-58.995950215112025,-2.145
96.0,-58.99568022945283,-2.145809389445327
96.0,-58.99541024379363,-2.145809389445327
96.0,-58.99487027247523,-2.145809389445327
96.0,-58.99487027247523,-2.1455395929635515
96.0,-58.99514025813443,-2.1460791859271025
96.0,-58.99487027247523,-2.1460791859271025
96.0,-58.99541024379363,-2.1468885753724294
96.0,-59.001349928295994,-2.1474281683359804
96.0,-59.002159885273585,-2.1476979648177563
96.0,-59.00188989961439,-2.147967761299532
96.0,-59.00107994263679,-2.1476979648177563
96.0,-59.00107994263679,-2.1482375577813073
96.0,-58.99649018643042,-2.1482375577813073
96.0,-58.99541024379363,-2.1482375577813073
96.0,-59.0,-2.1485073542630833
96.0,-58.99568022945283,-2.1485073542630833
96.0,-58.99676017208962,-2.1490469472266343
96.0,-58.99649018643042,-2.1487771507448588
96.0,-58.99892005736321,-2.1487771507448588
96.0,-58.9991900430224,-2.1493167437084097
96.0,-58.998650071704006,-2.1490469472266343
96.0,-58.997840114726415,-2.1493167437084097
96.0,-58.99730014340802,-2.1487771507448588
96.0,-58.996220200771226,-2.1487771507448588
96.0,-58.995950215112025,-2.1487771507448588
96.0,-58.995950215112025,-2.1493167437084097
99.0,-58.9997300143408,-2.1412228492551413
99.0,-58.999460028681604,-2.1414926457369168
99.0,-59.0002699856592,-2.1417624422186927
99.0,-58.999460028681604,-2.1417624422186927
99.0,-58.99892005736321,-2.1417624422186927
99.0,-58.99838008604481,-2.1417624422186927
99.0,-58.99811010038561,-2.142032238700468
99.0,-58.99757012906721,-2.142032238700468
99.0,-58.99703015774882,-2.1423020351822437
99.0,-59.00188989961439,-2.1423020351822437
99.0,-59.00161991395519,-2.1425718316640197
99.0,-58.99811010038561,-2.1423020351822437
99.0,-58.997840114726415,-2.142841628145795
99.0,-59.00188989961439,-2.144190610554673
99.0,-58.995950215112025,-2.144190610554673
99.0,-59.00242987093279,-2.1455395929635515
99.0,-58.99460028681603,-2.1452697964817755
99.0,-58.99460028681603,-2.146348982408878
99.0,-58.99514025813443,-2.146618778890654
99.0,-58.99541024379363,-2.147158371854205
99.0,-59.001349928295994,-2.1476979648177563
99.0,-59.002159885273585,-2.1482375577813073
99.0,-58.996220200771226,-2.1482375577813073
99.0,-59.000539971318396,-2.1485073542630833
99.0,-58.99541024379363,-2.1485073542630833
99.0,-59.0,-2.1487771507448588
99.0,-58.998650071704006,-2.1487771507448588
99.0,-58.9997300143408,-2.1490469472266343
99.0,-58.999460028681604,-2.1493167437084097
99.0,-58.998650071704006,-2.1493167437084097
99.0,-58.996220200771226,-2.1493167437084097
99.0,-58.99757012906721,-2.1493167437084097
99.0,-58.997840114726415,-2.1495865401901857
102.0,-58.999460028681604,-2.140953052773366
102.0,-59.0,-2.1412228492551413
102.0,-58.9991900430224,-2.1414926457369168
102.0,-58.9991900430224,-2.1417624422186927
102.0,-58.998650071704006,-2.1417624422186927
102.0,-58.997840114726415,-2.1423020351822437
102.0,-59.00242987093279,-2.1423020351822437
102.0,-59.002159885273585,-2.1425718316640197
102.0,-59.0008099569776,-2.142032238700468
102.0,-58.99730014340802,-2.142032238700468
102.0,-59.00161991395519,-2.1423020351822437
102.0,-58.99676017208962,-2.1425718316640197
102.0,-58.99757012906721,-2.1431114246275706
102.0,-58.99703015774882,-2.1431114246275706
102.0,-58.99676017208962,-2.143381221109346
102.0,-58.99676017208962,-2.1452697964817755
102.0,-58.99568022945283,-2.1447302035182245
102.0,-58.99487027247523,-2.145
102.0,-58.99460028681603,-2.1455395929635515
102.0,-59.002159885273585,-2.1455395929635515
102.0,-58.99487027247523,-2.146348982408878
102.0,-59.00242987093279,-2.1474281683359804
102.0,-59.00269985659198,-2.1474281683359804
102.0,-58.99541024379363,-2.1476979648177563
102.0,-58.99541024379363,-2.147967761299532
102.0,-59.00242987093279,-2.147967761299532
102.0,-59.0008099569776,-2.1482375577813073
102.0,-58.9997300143408,-2.1485073542630833
102.0,-58.9997300143408,-2.1487771507448588
102.0,-58.995950215112025,-2.1490469472266343
102.0,-59.0,-2.1493167437084097
102.0,-58.99838008604481,-2.1493167437084097
102.0,-58.995950215112025,-2.1495865401901857
102.0,-58.99757012906721,-2.149856336671961
105.0,-58.9991900430224,-2.140953052773366
105.0,-58.999460028681604,-2.1412228492551413
105.0,-59.002159885273585,-2.142032238700468
105.0,-58.99676017208962,-2.1423020351822437
105.0,-58.99730014340802,-2.142841628145795
105.0,-59.00242987093279,-2.1425718316640197
105.0,-59.00242987093279,-2.1431114246275706
105.0,-58.99649018643042,-2.143381221109346
105.0,-58.99649018643042,-2.1439208140728976
105.0,-58.99568022945283,-2.1444604070364486
105.0,-58.996220200771226,-2.145
105.0,-58.99541024379363,-2.1444604070364486
105.0,-58.99541024379363,-2.145
105.0,-58.99568022945283,-2.1452697964817755
105.0,-58.99514025813443,-2.1452697964817755
105.0,-59.002159885273585,-2.145809389445327
105.0,-58.99514025813443,-2.147158371854205
105.0,-58.99514025813443,-2.1468885753724294
105.0,-59.00296984225118,-2.1476979648177563
105.0,-58.99514025813443,-2.1474281683359804
105.0,-59.00242987093279,-2.1482375577813073
105.0,-58.99568022945283,-2.1487771507448588
105.0,-58.99541024379363,-2.1487771507448588
105.0,-59.0002699856592,-2.1490469472266343
105.0,-58.9997300143408,-2.1493167437084097
105.0,-59.0,-2.1495865401901857
105.0,-58.999460028681604,-2.1495865401901857
105.0,-58.99811010038561,-2.1495865401901857
105.0,-58.99730014340802,-2.1493167437084097
105.0,-58.996220200771226,-2.1495865401901857
105.0,-58.99811010038561,-2.149856336671961
105.0,-58.99568022945283,-2.1495865401901857
105.0,-58.99568022945283,-2.149856336671961
105.0,-58.99730014340802,-2.1495865401901857
108.0,-58.999460028681604,-2.1406832562915903
108.0,-59.0002699856592,-2.140953052773366
108.0,-58.9997300143408,-2.140953052773366
108.0,-59.000539971318396,-2.1417624422186927
108.0,-58.998650071704006,-2.1414926457369168
108.0,-58.99838008604481,-2.1414926457369168
108.0,-59.00269985659198,-2.142032238700468
108.0,-58.99676017208962,-2.142841628145795
108.0,-59.00242987093279,-2.143381221109346
108.0,-58.99676017208962,-2.1431114246275706
108.0,-58.99649018643042,-2.1431114246275706
108.0,-58.99649018643042,-2.143651017591122
108.0,-58.99568022945283,-2.144190610554673
108.0,-58.996220200771226,-2.1452697964817755
108.0,-58.99568022945283,-2.145
108.0,-58.99541024379363,-2.1447302035182245
108.0,-58.99460028681603,-2.145
108.0,-59.00242987093279,-2.1452697964817755
108.0,-59.00242987093279,-2.145809389445327
108.0,-58.994330301156836,-2.146618778890654
108.0,-59.0002699856592,-2.1493167437084097
108.0,-58.9991900430224,-2.1495865401901857
108.0,-58.99892005736321,-2.1495865401901857
108.0,-58.99838008604481,-2.1495865401901857
108.0,-58.99757012906721,-2.1495865401901857
108.0,-58.99649018643042,-2.1493167437084097
108.0,-59.0002699856592,-2.1495865401901857
108.0,-58.9997300143408,-2.149856336671961
108.0,-58.99703015774882,-2.149856336671961
108.0,-58.995950215112025,-2.149856336671961
108.0,-58.99541024379363,-2.1493167437084097
108.0,-58.99541024379363,-2.1501261331537367
111.0,-58.9991900430224,-2.1406832562915903
111.0,-58.99892005736321,-2.140953052773366
111.0,-58.99892005736321,-2.1412228492551413
111.0,-59.000539971318396,-2.1414926457369168
111.0,-58.99811010038561,-2.1414926457369168
111.0,-58.99649018643042,-2.142841628145795
111.0,-58.996220200771226,-2.143651017591122
111.0,-58.995950215112025,-2.143651017591122
111.0,-59.002159885273585,-2.1444604070364486
111.0,-58.99514025813443,-2.1447302035182245
111.0,-58.99514025813443,-2.145
111.0,-58.995950215112025,-2.1452697964817755
111.0,-58.994330301156836,-2.1452697964817755
111.0,-58.99649018643042,-2.1452697964817755
111.0,-58.995950215112025,-2.1455395929635515
111.0,-58.99460028681603,-2.145809389445327
111.0,-58.99460028681603,-2.146618778890654
111.0,-58.99487027247523,-2.1468885753724294
111.0,-59.00269985659198,-2.147967761299532
111.0,-59.00161991395519,-2.147967761299532
111.0,-59.00161991395519,-2.1482375577813073
111.0,-58.99514025813443,-2.1482375577813073
111.0,-58.99514025813443,-2.147967761299532
111.0,-58.99514025813443,-2.1485073542630833
111.0,-58.999460028681604,-2.1487771507448588
111.0,-58.99541024379363,-2.1490469472266343
111.0,-59.000539971318396,-2.1493167437084097
111.0,-58.99730014340802,-2.1490469472266343
111.0,-58.99703015774882,-2.1495865401901857
111.0,-58.99568022945283,-2.1493167437084097
111.0,-58.99514025813443,-2.1495865401901857
111.0,-58.9991900430224,-2.149856336671961
111.0,-58.999460028681604,-2.149856336671961
111.0,-58.99892005736321,-2.149856336671961
111.0,-58.99838008604481,-2.149856336671961
111.0,-58.99730014340802,-2.149856336671961
111.0,-58.997840114726415,-2.1501261331537367
111.0,-58.99730014340802,-2.1501261331537367
111.0,-58.99676017208962,-2.1495865401901857
111.0,-58.99514025813443,-2.150395929635512
114.0,-58.99892005736321,-2.1404134598098143
114.0,-59.0,-2.1406832562915903
114.0,-58.9997300143408,-2.1406832562915903
114.0,-58.9991900430224,-2.1412228492551413
114.0,-58.998650071704006,-2.140953052773366
114.0,-58.99838008604481,-2.1412228492551413
114.0,-58.997840114726415,-2.1414926457369168
114.0,-59.00242987093279,-2.142032238700468
114.0,-59.00161991395519,-2.142032238700468
114.0,-58.996220200771226,-2.1431114246275706
114.0,-58.99730014340802,-2.143381221109346
114.0,-58.99703015774882,-2.143381221109346
114.0,-58.996220200771226,-2.142841628145795
114.0,-59.002159885273585,-2.143651017591122
114.0,-58.99568022945283,-2.1439208140728976
114.0,-58.99460028681603,-2.1447302035182245
114.0,-58.994330301156836,-2.145
114.0,-59.00269985659198,-2.1452697964817755
114.0,-58.99541024379363,-2.1452697964817755
114.0,-58.994060315497634,-2.146348982408878
114.0,-58.994060315497634,-2.146618778890654
114.0,-59.00269985659198,-2.1476979648177563
114.0,-58.99487027247523,-2.1476979648177563
114.0,-59.00269985659198,-2.1482375577813073
114.0,-59.00188989961439,-2.1482375577813073
114.0,-59.0008099569776,-2.1485073542630833
114.0,-58.99487027247523,-2.1482375577813073
114.0,-59.0,-2.1490469472266343
114.0,-58.99514025813443,-2.1490469472266343
114.0,-59.000539971318396,-2.1487771507448588
114.0,-58.99703015774882,-2.1490469472266343
114.0,-58.99514025813443,-2.1493167437084097
114.0,-59.000539971318396,-2.1490469472266343
114.0,-59.000539971318396,-2.1495865401901857
114.0,-58.99703015774882,-2.1493167437084097
114.0,-58.99541024379363,-2.1495865401901857
114.0,-59.0,-2.149856336671961
114.0,-58.998650071704006,-2.1495865401901857
114.0,-58.99676017208962,-2.1493167437084097
114.0,-58.99649018643042,-2.1495865401901857
114.0,-58.997840114726415,-2.149856336671961
114.0,-58.99568022945283,-2.1501261331537367
114.0,-58.99541024379363,-2.150395929635512
117.0,-58.998650071704006,-2.1404134598098143
117.0,-58.99892005736321,-2.1406832562915903
117.0,-59.0002699856592,-2.1406832562915903
117.0,-59.0,-2.1404134598098143
117.0,-58.999460028681604,-2.1404134598098143
117.0,-58.998650071704006,-2.1412228492551413
117.0,-58.99838008604481,-2.1406832562915903
117.0,-58.99838008604481,-2.140953052773366
117.0,-58.99811010038561,-2.140953052773366
117.0,-58.997840114726415,-2.1417624422186927
117.0,-58.99757012906721,-2.1412228492551413
117.0,-59.00269985659198,-2.1423020351822437
117.0,-59.00188989961439,-2.1417624422186927
117.0,-59.00242987093279,-2.142841628145795
117.0,-58.995950215112025,-2.1425718316640197
117.0,-58.995950215112025,-2.143381221109346
117.0,-59.00269985659198,-2.1431114246275706
117.0,-58.99730014340802,-2.1431114246275706
117.0,-58.99568022945283,-2.143651017591122
117.0,-58.99541024379363,-2.144190610554673
117.0,-58.99460028681603,-2.1444604070364486
117.0,-58.994060315497634,-2.1452697964817755
117.0,-59.00296984225118,-2.1452697964817755
117.0,-58.994060315497634,-2.1455395929635515
117.0,-58.99460028681603,-2.1460791859271025
117.0,-58.99379032983844,-2.1460791859271025
117.0,-58.99487027247523,-2.1474281683359804
117.0,-59.00296984225118,-2.1474281683359804
117.0,-58.99514025813443,-2.1476979648177563
117.0,-59.00296984225118,-2.147967761299532
117.0,-59.001349928295994,-2.1482375577813073
117.0,-59.002159885273585,-2.1485073542630833
117.0,-58.99460028681603,-2.1482375577813073
117.0,-58.99487027247523,-2.1485073542630833
117.0,-58.99487027247523,-2.1487771507448588
117.0,-59.0008099569776,-2.1490469472266343
117.0,-58.99487027247523,-2.1493167437084097
117.0,-59.0002699856592,-2.149856336671961
117.0,-58.99649018643042,-2.149856336671961
117.0,-58.99487027247523,-2.149856336671961
117.0,-58.998650071704006,-2.149856336671961
117.0,-58.99811010038561,-2.1501261331537367
117.0,-58.99541024379363,-2.149856336671961
117.0,-58.99703015774882,-2.150395929635512
120.0,-59.0,-2.140953052773366
120.0,-58.9997300143408,-2.1404134598098143
120.0,-58.997840114726415,-2.140953052773366
120.0,-58.997840114726415,-2.1412228492551413
120.0,-59.00188989961439,-2.142032238700468
120.0,-58.99811010038561,-2.1417624422186927
120.0,-59.00242987093279,-2.1417624422186927
120.0,-59.002159885273585,-2.1417624422186927
120.0,-59.00161991395519,-2.1417624422186927
120.0,-58.996220200771226,-2.1425718316640197
120.0,-58.995950215112025,-2.142841628145795
120.0,-58.996220200771226,-2.143381221109346
120.0,-58.99568022945283,-2.143381221109346
120.0,-58.99541024379363,-2.143651017591122
120.0,-58.99541024379363,-2.1439208140728976
120.0,-58.99514025813443,-2.1439208140728976
120.0,-58.99514025813443,-2.1444604070364486
120.0,-58.99487027247523,-2.1444604070364486
120.0,-58.994060315497634,-2.1447302035182245
120.0,-58.994060315497634,-2.145
120.0,-58.99379032983844,-2.1468885753724294
120.0,-58.99487027247523,-2.147158371854205
120.0,-58.99460028681603,-2.1474281683359804
120.0,-59.00269985659198,-2.1485073542630833
120.0,-58.994330301156836,-2.1482375577813073
120.0,-59.002159885273585,-2.1487771507448588
120.0,-59.00107994263679,-2.1487771507448588
120.0,-58.99487027247523,-2.1495865401901857
120.0,-58.9997300143408,-2.1495865401901857
120.0,-59.0,-2.1501261331537367
120.0,-58.99892005736321,-2.1501261331537367
120.0,-58.99757012906721,-2.1501261331537367
120.0,-58.99703015774882,-2.1501261331537367
120.0,-58.99757012906721,-2.150395929635512
120.0,-58.99514025813443,-2.149856336671961
120.0,-58.99676017208962,-2.150395929635512
123.0,-58.99838008604481,-2.140143663328039
123.0,-58.998650071704006,-2.1406832562915903
123.0,-59.000539971318396,-2.140953052773366
123.0,-58.99811010038561,-2.1412228492551413
123.0,-58.99757012906721,-2.1406832562915903
123.0,-58.99892005736321,-2.1414926457369168
123.0,-58.99730014340802,-2.1412228492551413
123.0,-58.99730014340802,-2.1414926457369168
123.0,-59.00242987093279,-2.1414926457369168
123.0,-59.00161991395519,-2.1414926457369168
123.0,-58.99757012906721,-2.1414926457369168
123.0,-58.996220200771226,-2.1423020351822437
123.0,-58.995950215112025,-2.1423020351822437
123.0,-58.99649018643042,-2.1425718316640197
123.0,-58.99568022945283,-2.1431114246275706
123.0,-58.99541024379363,-2.143381221109346
123.0,-58.995950215112025,-2.1439208140728976
123.0,-58.99514025813443,-2.144190610554673
123.0,-58.994330301156836,-2.1444604070364486
123.0,-59.00323982791038,-2.145
123.0,-59.00269985659198,-2.145
123.0,-59.00296984225118,-2.1455395929635515
123.0,-58.99379032983844,-2.1455395929635515
123.0,-58.994330301156836,-2.145809389445327
123.0,-58.994330301156836,-2.1460791859271025
123.0,-58.99379032983844,-2.145809389445327
123.0,-58.99352034417924,-2.1460791859271025
123.0,-58.99379032983844,-2.146348982408878
123.0,-58.99352034417924,-2.146348982408878
123.0,-58.994330301156836,-2.1468885753724294
123.0,-58.99379032983844,-2.146618778890654
123.0,-59.00296984225118,-2.147158371854205
123.0,-58.99487027247523,-2.147967761299532
123.0,-58.99460028681603,-2.147967761299532
123.0,-59.00188989961439,-2.1487771507448588
123.0,-58.99460028681603,-2.1487771507448588
123.0,-58.99487027247523,-2.1490469472266343
123.0,-58.99568022945283,-2.1490469472266343
123.0,-59.000539971318396,-2.149856336671961
123.0,-58.99838008604481,-2.1501261331537367
123.0,-58.99676017208962,-2.149856336671961
123.0,-58.99676017208962,-2.1501261331537367
123.0,-58.99514025813443,-2.1501261331537367
123.0,-58.998650071704006,-2.1501261331537367
123.0,-58.99703015774882,-2.150665726117288
126.0,-58.9997300143408,-2.140143663328039
126.0,-58.99838008604481,-2.1404134598098143
126.0,-59.000539971318396,-2.1404134598098143
126.0,-58.99757012906721,-2.1404134598098143
126.0,-58.99730014340802,-2.1404134598098143
126.0,-58.99730014340802,-2.1406832562915903
126.0,-58.99730014340802,-2.140953052773366
126.0,-58.99757012906721,-2.140953052773366
126.0,-59.002159885273585,-2.1412228492551413
126.0,-59.002159885273585,-2.1414926457369168
126.0,-58.99703015774882,-2.1417624422186927
126.0,-58.99568022945283,-2.1425718316640197
126.0,-59.00269985659198,-2.142841628145795
126.0,-58.99514025813443,-2.143381221109346
126.0,-58.99514025813443,-2.143651017591122
126.0,-58.99460028681603,-2.144190610554673
126.0,-58.99487027247523,-2.144190610554673
126.0,-59.00296984225118,-2.145
126.0,-59.00269985659198,-2.1447302035182245
126.0,-58.99487027247523,-2.1447302035182245
126.0,-59.00269985659198,-2.1455395929635515
126.0,-58.994330301156836,-2.1455395929635515
126.0,-58.994060315497634,-2.145809389445327
126.0,-58.99352034417924,-2.146618778890654
126.0,-58.994060315497634,-2.1468885753724294
126.0,-58.99460028681603,-2.1485073542630833
126.0,-58.994330301156836,-2.1485073542630833
126.0,-58.994060315497634,-2.1485073542630833
126.0,-59.00242987093279,-2.1485073542630833
126.0,-59.00242987093279,-2.1490469472266343
126.0,-59.0008099569776,-2.1487771507448588
126.0,-58.99514025813443,-2.1487771507448588
126.0,-59.0008099569776,-2.1493167437084097
126.0,-58.99460028681603,-2.1490469472266343
126.0,-59.0008099569776,-2.149856336671961
126.0,-58.996220200771226,-2.149856336671961
126.0,-58.99460028681603,-2.1493167437084097
126.0,-58.99487027247523,-2.1501261331537367
126.0,-58.99460028681603,-2.1501261331537367
126.0,-59.0,-2.150395929635512
126.0,-58.9997300143408,-2.150395929635512
126.0,-58.997840114726415,-2.150395929635512
126.0,-58.99649018643042,-2.150395929635512
126.0,-58.99649018643042,-2.1501261331537367
126.0,-58.99676017208962,-2.150665726117288
126.0,-58.99676017208962,-2.1509355225990636
129.0,-59.0002699856592,-2.140143663328039
129.0,-58.99703015774882,-2.1404134598098143
129.0,-58.99703015774882,-2.1406832562915903
129.0,-58.99811010038561,-2.1406832562915903
129.0,-59.000539971318396,-2.1412228492551413
129.0,-58.99703015774882,-2.140953052773366
129.0,-58.99703015774882,-2.1412228492551413
129.0,-59.00242987093279,-2.140953052773366
129.0,-59.002159885273585,-2.140953052773366
129.0,-59.00188989961439,-2.140953052773366
129.0,-58.99730014340802,-2.1417624422186927
129.0,-58.99676017208962,-2.1417624422186927
129.0,-58.99676017208962,-2.142032238700468
129.0,-59.00269985659198,-2.1417624422186927
129.0,-59.001349928295994,-2.1417624422186927
129.0,-58.99541024379363,-2.1423020351822437
129.0,-58.995950215112025,-2.1431114246275706
129.0,-58.99568022945283,-2.142841628145795
129.0,-59.00296984225118,-2.142841628145795
129.0,-58.99541024379363,-2.142841628145795
129.0,-58.99487027247523,-2.143651017591122
129.0,-58.99487027247523,-2.1439208140728976
129.0,-58.994330301156836,-2.144190610554673
129.0,-58.994330301156836,-2.1447302035182245
129.0,-58.994060315497634,-2.144190610554673
129.0,-59.00350981356958,-2.1452697964817755
129.0,-58.99379032983844,-2.1447302035182245
129.0,-58.99379032983844,-2.145
129.0,-59.00242987093279,-2.145
129.0,-58.99352034417924,-2.145809389445327
129.0,-58.99352034417924,-2.1468885753724294
129.0,-58.994060315497634,-2.147158371854205
129.0,-58.994330301156836,-2.147158371854205
129.0,-59.00296984225118,-2.1468885753724294
129.0,-59.00269985659198,-2.147158371854205
129.0,-59.00296984225118,-2.1482375577813073
129.0,-59.00242987093279,-2.1487771507448588
129.0,-58.994330301156836,-2.1487771507448588
129.0,-59.001349928295994,-2.1485073542630833
129.0,-59.001349928295994,-2.1487771507448588
129.0,-58.994330301156836,-2.1490469472266343
129.0,-58.994330301156836,-2.1495865401901857
129.0,-59.0,-2.150665726117288
129.0,-58.999460028681604,-2.150395929635512
129.0,-58.999460028681604,-2.150665726117288
129.0,-58.99730014340802,-2.150665726117288
132.0,-58.998650071704006,-2.140143663328039
132.0,-58.99811010038561,-2.140143663328039
132.0,-58.99811010038561,-2.1404134598098143
132.0,-58.99703015774882,-2.140143663328039
132.0,-58.99676017208962,-2.1404134598098143
132.0,-59.002159885273585,-2.1406832562915903
132.0,-59.00242987093279,-2.1406832562915903
132.0,-59.00188989961439,-2.1412228492551413
132.0,-58.99676017208962,-2.1412228492551413
132.0,-58.99703015774882,-2.1414926457369168
132.0,-59.001349928295994,-2.142032238700468
132.0,-58.99757012906721,-2.1417624422186927
132.0,-58.99649018643042,-2.142032238700468
132.0,-58.99649018643042,-2.1417624422186927
132.0,-59.00296984225118,-2.1425718316640197
132.0,-58.99541024379363,-2.1425718316640197
132.0,-59.00296984225118,-2.1431114246275706
132.0,-58.99487027247523,-2.1431114246275706
132.0,-58.99487027247523,-2.143381221109346
132.0,-58.994060315497634,-2.1444604070364486
132.0,-58.99352034417924,-2.1447302035182245
132.0,-58.99352034417924,-2.145
132.0,-59.00269985659198,-2.145809389445327
132.0,-58.994060315497634,-2.1460791859271025
132.0,-58.99352034417924,-2.147158371854205
132.0,-58.994330301156836,-2.1476979648177563
132.0,-58.994060315497634,-2.1487771507448588
132.0,-59.00161991395519,-2.1490469472266343
132.0,-59.00161991395519,-2.1485073542630833
132.0,-59.00107994263679,-2.1490469472266343
132.0,-58.996220200771226,-2.1501261331537367
132.0,-58.995950215112025,-2.1501261331537367
132.0,-58.9991900430224,-2.150395929635512
132.0,-58.99730014340802,-2.150395929635512
132.0,-58.994330301156836,-2.1501261331537367
132.0,-59.0002699856592,-2.1501261331537367
132.0,-59.0002699856592,-2.150395929635512
132.0,-59.0002699856592,-2.150665726117288
132.0,-58.9997300143408,-2.1501261331537367
132.0,-58.997840114726415,-2.150665726117288
132.0,-58.99757012906721,-2.150665726117288
132.0,-58.9997300143408,-2.150665726117288
135.0,-59.0,-2.1398738668462634
135.0,-59.0002699856592,-2.1404134598098143
135.0,-58.999460028681604,-2.140143663328039
135.0,-58.99838008604481,-2.1398738668462634
135.0,-59.0008099569776,-2.1406832562915903
135.0,-58.99676017208962,-2.140143663328039
135.0,-59.00269985659198,-2.1406832562915903
135.0,-59.0002699856592,-2.1412228492551413
135.0,-59.00188989961439,-2.1414926457369168
135.0,-59.001349928295994,-2.1414926457369168
135.0,-58.99514025813443,-2.1425718316640197
135.0,-59.00296984225118,-2.1423020351822437
135.0,-59.00323982791038,-2.142841628145795
135.0,-58.99514025813443,-2.1431114246275706
135.0,-58.99460028681603,-2.143651017591122
135.0,-59.00296984225118,-2.1447302035182245
135.0,-58.99379032983844,-2.1452697964817755
135.0,-59.00323982791038,-2.145809389445327
135.0,-58.99352034417924,-2.1455395929635515
135.0,-58.994330301156836,-2.146348982408878
135.0,-59.00269985659198,-2.1468885753724294
135.0,-58.99379032983844,-2.1485073542630833
135.0,-59.00107994263679,-2.1485073542630833
135.0,-59.002159885273585,-2.1490469472266343
135.0,-59.00161991395519,-2.1487771507448588
135.0,-59.00188989961439,-2.1493167437084097
135.0,-58.99460028681603,-2.149856336671961
135.0,-58.99838008604481,-2.150395929635512
135.0,-58.994060315497634,-2.1501261331537367
135.0,-58.99460028681603,-2.150395929635512
135.0,-58.99811010038561,-2.150665726117288
135.0,-59.0002699856592,-2.1509355225990636
135.0,-58.9997300143408,-2.1509355225990636
135.0,-58.9991900430224,-2.150665726117288
135.0,-58.999460028681604,-2.1509355225990636
135.0,-58.997840114726415,-2.1509355225990636
135.0,-58.99730014340802,-2.1509355225990636
135.0,-58.99703015774882,-2.1509355225990636
138.0,-59.000539971318396,-2.140143663328039
138.0,-59.0,-2.140143663328039
138.0,-58.9991900430224,-2.1404134598098143
138.0,-58.99892005736321,-2.1398738668462634
138.0,-59.000539971318396,-2.1406832562915903
138.0,-58.997840114726415,-2.1406832562915903
138.0,-59.0008099569776,-2.1404134598098143
138.0,-58.99676017208962,-2.140953052773366
138.0,-59.00242987093279,-2.1412228492551413
138.0,-59.00161991395519,-2.1412228492551413
138.0,-59.00107994263679,-2.1412228492551413
138.0,-58.99676017208962,-2.1414926457369168
138.0,-58.99649018643042,-2.1414926457369168
138.0,-58.996220200771226,-2.142032238700468
138.0,-59.00107994263679,-2.1417624422186927
138.0,-59.00323982791038,-2.142032238700468
138.0,-59.00296984225118,-2.142032238700468
138.0,-59.00269985659198,-2.1425718316640197
138.0,-58.99514025813443,-2.142032238700468
138.0,-58.99514025813443,-2.1423020351822437
138.0,-59.00323982791038,-2.1431114246275706
138.0,-59.00323982791038,-2.1425718316640197
138.0,-58.99541024379363,-2.1431114246275706
138.0,-58.99460028681603,-2.1431114246275706
138.0,-58.99460028681603,-2.1439208140728976
138.0,-58.99379032983844,-2.144190610554673
138.0,-59.00323982791038,-2.1447302035182245
138.0,-58.99352034417924,-2.1452697964817755
138.0,-59.003779799228774,-2.1452697964817755
138.0,-59.00296984225118,-2.146618778890654
138.0,-59.00323982791038,-2.1474281683359804
138.0,-58.994060315497634,-2.1476979648177563
138.0,-58.994060315497634,-2.1482375577813073
138.0,-58.994330301156836,-2.1493167437084097
138.0,-59.0008099569776,-2.1495865401901857
138.0,-59.000539971318396,-2.1501261331537367
138.0,-58.99487027247523,-2.150395929635512
138.0,-58.9991900430224,-2.1501261331537367
138.0,-58.996220200771226,-2.150395929635512
138.0,-59.0,-2.1509355225990636
138.0,-58.99892005736321,-2.150395929635512
138.0,-58.99892005736321,-2.150665726117288
138.0,-59.0002699856592,-2.151205319080839
141.0,-59.0002699856592,-2.139604070364488
141.0,-59.0002699856592,-2.1398738668462634
141.0,-58.9997300143408,-2.1398738668462634
141.0,-58.9991900430224,-2.1398738668462634
141.0,-58.99649018643042,-2.1398738668462634
141.0,-59.00107994263679,-2.1406832562915903
141.0,-58.99730014340802,-2.140143663328039
141.0,-59.00242987093279,-2.1404134598098143
141.0,-59.002159885273585,-2.1404134598098143
141.0,-59.00188989961439,-2.1406832562915903
141.0,-59.00107994263679,-2.1414926457369168
141.0,-58.99649018643042,-2.1412228492551413
141.0,-59.0008099569776,-2.1417624422186927
141.0,-58.996220200771226,-2.1414926457369168
141.0,-59.00323982791038,-2.1417624422186927
141.0,-58.99649018643042,-2.1423020351822437
141.0,-58.99514025813443,-2.1417624422186927
141.0,-58.99487027247523,-2.1425718316640197
141.0,-59.00323982791038,-2.1423020351822437
141.0,-59.00350981356958,-2.1425718316640197
141.0,-59.00350981356958,-2.142841628145795
141.0,-58.99460028681603,-2.143381221109346
141.0,-58.994330301156836,-2.1439208140728976
141.0,-58.99379032983844,-2.1444604070364486
141.0,-59.00350981356958,-2.1444604070364486
141.0,-59.004049784887975,-2.1452697964817755
141.0,-59.00296984225118,-2.145809389445327
141.0,-59.00242987093279,-2.1460791859271025
141.0,-59.00269985659198,-2.146618778890654
141.0,-59.00269985659198,-2.1487771507448588
141.0,-58.99379032983844,-2.1482375577813073
141.0,-59.00188989961439,-2.1490469472266343
141.0,-58.994060315497634,-2.1493167437084097
141.0,-59.00107994263679,-2.1495865401901857
141.0,-58.994330301156836,-2.150395929635512
141.0,-58.994330301156836,-2.149856336671961
141.0,-58.995950215112025,-2.150665726117288
141.0,-58.99460028681603,-2.150665726117288
141.0,-58.99811010038561,-2.1509355225990636
141.0,-59.0,-2.151205319080839
141.0,-58.99757012906721,-2.151205319080839
141.0,-58.99676017208962,-2.151205319080839
144.0,-59.0,-2.139604070364488
144.0,-58.9997300143408,-2.139604070364488
144.0,-58.999460028681604,-2.1398738668462634
144.0,-58.999460028681604,-2.139604070364488
144.0,-58.9991900430224,-2.139604070364488
144.0,-58.998650071704006,-2.139604070364488
144.0,-58.996220200771226,-2.139604070364488
144.0,-58.996220200771226,-2.140143663328039
144.0,-58.997840114726415,-2.140143663328039
144.0,-58.99703015774882,-2.1398738668462634
144.0,-59.00107994263679,-2.1404134598098143
144.0,-58.99892005736321,-2.140143663328039
144.0,-58.99649018643042,-2.1406832562915903
144.0,-59.00269985659198,-2.140953052773366
144.0,-59.001349928295994,-2.1412228492551413
144.0,-59.0008099569776,-2.1412228492551413
144.0,-59.0008099569776,-2.1414926457369168
144.0,-58.996220200771226,-2.1417624422186927
144.0,-59.00296984225118,-2.1417624422186927
144.0,-59.00269985659198,-2.1414926457369168
144.0,-58.99487027247523,-2.142032238700468
144.0,-58.99568022945283,-2.1423020351822437
144.0,-58.99460028681603,-2.142841628145795
144.0,-58.994330301156836,-2.142841628145795
144.0,-58.994330301156836,-2.143651017591122
144.0,-58.994060315497634,-2.1439208140728976
144.0,-59.00350981356958,-2.144190610554673
144.0,-59.00431977054717,-2.1452697964817755
144.0,-59.004049784887975,-2.1455395929635515
144.0,-59.003779799228774,-2.1455395929635515
144.0,-59.00323982791038,-2.1460791859271025
144.0,-59.00323982791038,-2.1468885753724294
144.0,-59.00323982791038,-2.147158371854205
144.0,-59.00323982791038,-2.1485073542630833
144.0,-59.00296984225118,-2.1485073542630833
144.0,-58.99379032983844,-2.1487771507448588
144.0,-59.001349928295994,-2.1493167437084097
144.0,-59.00161991395519,-2.1495865401901857
144.0,-59.000539971318396,-2.150395929635512
144.0,-58.994060315497634,-2.149856336671961
144.0,-58.994060315497634,-2.150395929635512
144.0,-58.994060315497634,-2.150665726117288
144.0,-58.998650071704006,-2.1509355225990636
144.0,-58.99568022945283,-2.1509355225990636
144.0,-58.9997300143408,-2.151205319080839
144.0,-58.99757012906721,-2.1509355225990636
144.0,-58.997840114726415,-2.151205319080839
144.0,-58.99730014340802,-2.151475115562615
147.0,-59.000539971318396,-2.139334273882712
147.0,-59.0,-2.139334273882712
147.0,-58.9997300143408,-2.139334273882712
147.0,-58.999460028681604,-2.139334273882712
147.0,-58.9991900430224,-2.139334273882712
147.0,-58.99892005736321,-2.139604070364488
147.0,-58.99838008604481,-2.139334273882712
147.0,-58.99838008604481,-2.139604070364488
147.0,-58.99811010038561,-2.1398738668462634
147.0,-58.996220200771226,-2.1398738668462634
147.0,-58.997840114726415,-2.1404134598098143
147.0,-59.00269985659198,-2.1404134598098143
147.0,-59.00188989961439,-2.1404134598098143
147.0,-59.00161991395519,-2.1406832562915903
147.0,-59.001349928295994,-2.1404134598098143
147.0,-58.99676017208962,-2.1406832562915903
147.0,-59.00107994263679,-2.140953052773366
147.0,-58.99460028681603,-2.1417624422186927
147.0,-58.99487027247523,-2.1423020351822437
147.0,-58.99460028681603,-2.1425718316640197
147.0,-59.003779799228774,-2.1425718316640197
147.0,-58.99352034417924,-2.1444604070364486
147.0,-59.00269985659198,-2.1460791859271025
147.0,-59.00296984225118,-2.146348982408878
147.0,-58.994330301156836,-2.1474281683359804
147.0,-58.99379032983844,-2.147967761299532
147.0,-59.001349928295994,-2.1490469472266343
147.0,-58.994060315497634,-2.1490469472266343
147.0,-58.994060315497634,-2.1495865401901857
147.0,-59.00188989961439,-2.1495865401901857
147.0,-58.99379032983844,-2.1501261331537367
147.0,-58.99811010038561,-2.150395929635512
147.0,-58.995950215112025,-2.150395929635512
147.0,-58.99541024379363,-2.1509355225990636
147.0,-58.99541024379363,-2.151205319080839
147.0,-58.9997300143408,-2.151475115562615
147.0,-58.999460028681604,-2.151475115562615
147.0,-58.99649018643042,-2.1509355225990636
147.0,-58.99649018643042,-2.151475115562615
147.0,-58.99703015774882,-2.151205319080839
150.0,-59.000539971318396,-2.1390644774009364
150.0,-59.0002699856592,-2.139334273882712
150.0,-58.9997300143408,-2.1390644774009364
150.0,-58.999460028681604,-2.1390644774009364
150.0,-58.996220200771226,-2.139334273882712
150.0,-58.995950215112025,-2.140143663328039
150.0,-58.99730014340802,-2.1398738668462634
150.0,-59.00161991395519,-2.140143663328039
150.0,-58.99757012906721,-2.140143663328039
150.0,-59.0008099569776,-2.140953052773366
150.0,-58.99649018643042,-2.140953052773366
150.0,-59.00269985659198,-2.1412228492551413
150.0,-58.996220200771226,-2.1412228492551413
150.0,-58.99541024379363,-2.1414926457369168
150.0,-58.99487027247523,-2.1414926457369168
150.0,-58.99487027247523,-2.1417624422186927
150.0,-58.99460028681603,-2.1414926457369168
150.0,-58.994330301156836,-2.1417624422186927
150.0,-59.00350981356958,-2.1423020351822437
150.0,-58.99460028681603,-2.142032238700468
150.0,-58.99460028681603,-2.1423020351822437
150.0,-58.99487027247523,-2.142841628145795
150.0,-58.994330301156836,-2.1425718316640197
150.0,-59.00323982791038,-2.143381221109346
150.0,-58.994330301156836,-2.143381221109346
150.0,-58.994060315497634,-2.143651017591122
150.0,-58.99352034417924,-2.144190610554673
150.0,-59.00323982791038,-2.144190610554673
150.0,-59.003779799228774,-2.1444604070364486
150.0,-59.004049784887975,-2.145
150.0,-59.00350981356958,-2.145809389445327
150.0,-59.00323982791038,-2.146348982408878
150.0,-59.00323982791038,-2.1482375577813073
150.0,-59.00323982791038,-2.1487771507448588
150.0,-59.002159885273585,-2.1493167437084097
150.0,-58.99460028681603,-2.1495865401901857
150.0,-58.99379032983844,-2.1493167437084097
150.0,-58.99379032983844,-2.150395929635512
150.0,-58.99892005736321,-2.1509355225990636
150.0,-58.99838008604481,-2.150665726117288
150.0,-58.996220200771226,-2.150665726117288
150.0,-59.000539971318396,-2.150665726117288
150.0,-58.9991900430224,-2.151205319080839
150.0,-58.99838008604481,-2.151205319080839
150.0,-58.996220200771226,-2.1509355225990636
150.0,-58.99514025813443,-2.1509355225990636
150.0,-58.99514025813443,-2.151205319080839
150.0,-59.000539971318396,-2.151205319080839
150.0,-59.0,-2.151475115562615
150.0,-58.999460028681604,-2.151205319080839
150.0,-58.99757012906721,-2.151475115562615
150.0,-58.99676017208962,-2.151475115562615
153.0,-58.99811010038561,-2.139604070364488
153.0,-58.99892005736321,-2.139334273882712
153.0,-58.998650071704006,-2.1398738668462634
153.0,-58.99703015774882,-2.139604070364488
153.0,-59.00161991395519,-2.1404134598098143
153.0,-59.00269985659198,-2.140143663328039
153.0,-59.00242987093279,-2.140143663328039
153.0,-58.9991900430224,-2.140143663328039
153.0,-59.00161991395519,-2.140953052773366
153.0,-59.001349928295994,-2.140953052773366
153.0,-58.996220200771226,-2.1406832562915903
153.0,-58.995950215112025,-2.1412228492551413
153.0,-58.99487027247523,-2.1412228492551413
153.0,-58.994330301156836,-2.142032238700468
153.0,-59.00296984225118,-2.143381221109346
153.0,-58.994060315497634,-2.1431114246275706
153.0,-58.994060315497634,-2.143381221109346
153.0,-59.00296984225118,-2.1439208140728976
153.0,-59.00350981356958,-2.1447302035182245
153.0,-59.00296984225118,-2.1444604070364486
153.0,-59.00431977054717,-2.145
153.0,-59.003779799228774,-2.145
153.0,-59.00296984225118,-2.1460791859271025
153.0,-59.00269985659198,-2.146348982408878
153.0,-59.00323982791038,-2.146618778890654
153.0,-59.00350981356958,-2.147158371854205
153.0,-59.00350981356958,-2.1476979648177563
153.0,-58.99379032983844,-2.1476979648177563
153.0,-59.00296984225118,-2.1487771507448588
153.0,-59.00323982791038,-2.1490469472266343
153.0,-59.00107994263679,-2.1493167437084097
153.0,-58.99379032983844,-2.1490469472266343
153.0,-59.002159885273585,-2.1495865401901857
153.0,-59.00161991395519,-2.1493167437084097
153.0,-59.001349928295994,-2.149856336671961
153.0,-58.99568022945283,-2.150395929635512
153.0,-58.99730014340802,-2.151205319080839
153.0,-58.99568022945283,-2.150665726117288
153.0,-58.99514025813443,-2.150665726117288
153.0,-58.99487027247523,-2.151205319080839
153.0,-59.0002699856592,-2.151475115562615
153.0,-58.99892005736321,-2.151205319080839
153.0,-58.9991900430224,-2.151475115562615
153.0,-58.99838008604481,-2.1509355225990636
153.0,-58.99811010038561,-2.151475115562615
153.0,-58.99649018643042,-2.151205319080839
153.0,-58.99514025813443,-2.151475115562615
153.0,-58.99487027247523,-2.151475115562615
156.0,-58.999460028681604,-2.138794680919161
156.0,-59.0,-2.1390644774009364
156.0,-58.9991900430224,-2.1390644774009364
156.0,-58.998650071704006,-2.139334273882712
156.0,-58.99838008604481,-2.1390644774009364
156.0,-58.995950215112025,-2.139334273882712
156.0,-58.99676017208962,-2.139604070364488
156.0,-58.99757012906721,-2.1398738668462634
156.0,-58.996220200771226,-2.1404134598098143
156.0,-58.995950215112025,-2.1404134598098143
156.0,-58.99568022945283,-2.1398738668462634
156.0,-59.002159885273585,-2.140143663328039
156.0,-58.996220200771226,-2.140953052773366
156.0,-58.995950215112025,-2.1417624422186927
156.0,-58.99514025813443,-2.1414926457369168
156.0,-58.99460028681603,-2.1412228492551413
156.0,-58.994330301156836,-2.1412228492551413
156.0,-59.000539971318396,-2.142032238700468
156.0,-58.994330301156836,-2.1423020351822437
156.0,-59.003779799228774,-2.1423020351822437
156.0,-58.99514025813443,-2.142841628145795
156.0,-58.994060315497634,-2.1423020351822437
156.0,-58.994330301156836,-2.1431114246275706
156.0,-58.99379032983844,-2.1439208140728976
156.0,-58.99352034417924,-2.1439208140728976
156.0,-59.00323982791038,-2.1444604070364486
156.0,-59.004049784887975,-2.145809389445327
156.0,-59.00323982791038,-2.1476979648177563
156.0,-58.99352034417924,-2.1476979648177563
156.0,-59.00296984225118,-2.1490469472266343
156.0,-58.99352034417924,-2.1487771507448588
156.0,-58.99352034417924,-2.1490469472266343
156.0,-58.99379032983844,-2.149856336671961
156.0,-59.001349928295994,-2.1495865401901857
156.0,-59.0008099569776,-2.1509355225990636
156.0,-58.99460028681603,-2.1509355225990636
156.0,-58.998650071704006,-2.151205319080839
156.0,-58.996220200771226,-2.151205319080839
156.0,-58.99568022945283,-2.151205319080839
156.0,-58.99487027247523,-2.1509355225990636
156.0,-58.9991900430224,-2.1509355225990636
156.0,-58.99811010038561,-2.151205319080839
156.0,-58.99838008604481,-2.151475115562615
156.0,-58.99460028681603,-2.151475115562615
156.0,-58.99703015774882,-2.151475115562615
156.0,-58.99460028681603,-2.151205319080839
159.0,-58.99703015774882,-2.139334273882712
159.0,-58.99649018643042,-2.139334273882712
159.0,-58.995950215112025,-2.139604070364488
159.0,-58.997840114726415,-2.1398738668462634
159.0,-58.99568022945283,-2.139604070364488
159.0,-59.00296984225118,-2.1398738668462634
159.0,-59.00242987093279,-2.1398738668462634
159.0,-59.00296984225118,-2.140953052773366
159.0,-58.99568022945283,-2.1412228492551413
159.0,-58.994060315497634,-2.140953052773366
159.0,-58.995950215112025,-2.1414926457369168
159.0,-58.994060315497634,-2.142032238700468
159.0,-59.003779799228774,-2.142032238700468
159.0,-58.994060315497634,-2.142841628145795
159.0,-58.99379032983844,-2.143651017591122
159.0,-59.00269985659198,-2.143651017591122
159.0,-59.00269985659198,-2.144190610554673
159.0,-59.004049784887975,-2.1447302035182245
159.0,-59.003779799228774,-2.1447302035182245
159.0,-59.00431977054717,-2.1447302035182245
159.0,-59.00458975620637,-2.1452697964817755
159.0,-59.003779799228774,-2.1460791859271025
159.0,-59.00350981356958,-2.1474281683359804
159.0,-59.00323982791038,-2.147967761299532
159.0,-59.00350981356958,-2.1490469472266343
159.0,-59.00269985659198,-2.1490469472266343
159.0,-59.00350981356958,-2.1493167437084097
159.0,-59.001349928295994,-2.1501261331537367
159.0,-59.000539971318396,-2.1509355225990636
159.0,-59.00107994263679,-2.1509355225990636
159.0,-58.99487027247523,-2.150665726117288
159.0,-58.994330301156836,-2.1509355225990636
159.0,-58.99892005736321,-2.151475115562615
159.0,-58.998650071704006,-2.151475115562615
159.0,-58.997840114726415,-2.151475115562615
159.0,-58.995950215112025,-2.1509355225990636
159.0,-58.995950215112025,-2.151205319080839
159.0,-58.995950215112025,-2.151475115562615
159.0,-58.994330301156836,-2.151475115562615
162.0,-59.0008099569776,-2.1390644774009364
162.0,-59.0002699856592,-2.1390644774009364
162.0,-59.0008099569776,-2.139604070364488
162.0,-58.99676017208962,-2.139334273882712
162.0,-58.995950215112025,-2.1390644774009364
162.0,-58.99676017208962,-2.1398738668462634
162.0,-58.99568022945283,-2.139334273882712
162.0,-58.99541024379363,-2.1398738668462634
162.0,-59.002159885273585,-2.1398738668462634
162.0,-58.99541024379363,-2.140143663328039
162.0,-59.001349928295994,-2.1406832562915903
162.0,-58.99379032983844,-2.1406832562915903
162.0,-58.994060315497634,-2.1412228492551413
162.0,-58.994330301156836,-2.1414926457369168
162.0,-58.99541024379363,-2.1417624422186927
162.0,-59.00350981356958,-2.142032238700468
162.0,-58.99379032983844,-2.142032238700468
162.0,-59.004049784887975,-2.142841628145795
162.0,-58.994060315497634,-2.1425718316640197
162.0,-58.99379032983844,-2.142841628145795
162.0,-59.00350981356958,-2.143381221109346
162.0,-59.00296984225118,-2.144190610554673
162.0,-59.00269985659198,-2.1444604070364486
162.0,-59.00350981356958,-2.1487771507448588
162.0,-59.003779799228774,-2.1487771507448588
162.0,-59.003779799228774,-2.1490469472266343
162.0,-58.99352034417924,-2.1493167437084097
162.0,-58.99352034417924,-2.1495865401901857
162.0,-59.00107994263679,-2.149856336671961
162.0,-59.00107994263679,-2.1501261331537367
162.0,-59.001349928295994,-2.150395929635512
162.0,-59.00107994263679,-2.151205319080839
162.0,-58.994330301156836,-2.150665726117288
165.0,-59.0,-2.138794680919161
165.0,-58.9997300143408,-2.138794680919161
165.0,-58.9991900430224,-2.138794680919161
165.0,-58.998650071704006,-2.138794680919161
165.0,-58.998650071704006,-2.1390644774009364
165.0,-58.99730014340802,-2.1390644774009364
165.0,-58.99649018643042,-2.1390644774009364
165.0,-58.996220200771226,-2.1390644774009364
165.0,-59.00269985659198,-2.1398738668462634
165.0,-59.00188989961439,-2.140143663328039
165.0,-59.001349928295994,-2.140143663328039
165.0,-58.99514025813443,-2.140143663328039
165.0,-58.995950215112025,-2.1406832562915903
165.0,-58.99379032983844,-2.140953052773366
165.0,-58.99352034417924,-2.140953052773366
165.0,-59.00323982791038,-2.1406832562915903
165.0,-58.994330301156836,-2.1406832562915903
165.0,-58.994060315497634,-2.1406832562915903
165.0,-58.99568022945283,-2.1417624422186927
165.0,-58.99541024379363,-2.1412228492551413
165.0,-58.99568022945283,-2.1414926457369168
165.0,-58.994060315497634,-2.1417624422186927
165.0,-58.99352034417924,-2.142032238700468
165.0,-58.99352034417924,-2.1423020351822437
165.0,-58.99379032983844,-2.1425718316640197
165.0,-58.99352034417924,-2.1425718316640197
165.0,-58.99379032983844,-2.1431114246275706
165.0,-58.99352034417924,-2.143381221109346
165.0,-59.00242987093279,-2.1444604070364486
165.0,-59.004049784887975,-2.1444604070364486
165.0,-59.00458975620637,-2.1455395929635515
165.0,-59.00431977054717,-2.145809389445327
165.0,-59.003779799228774,-2.145809389445327
165.0,-59.00431977054717,-2.1460791859271025
165.0,-59.00350981356958,-2.147967761299532
165.0,-59.004049784887975,-2.1490469472266343
165.0,-59.00269985659198,-2.1493167437084097
165.0,-59.0008099569776,-2.1501261331537367
165.0,-59.00107994263679,-2.150395929635512
165.0,-59.00107994263679,-2.150665726117288
165.0,-58.998650071704006,-2.150665726117288
165.0,-59.00107994263679,-2.151475115562615
168.0,-58.99892005736321,-2.138794680919161
168.0,-58.99838008604481,-2.138524884437385
168.0,-58.99703015774882,-2.138794680919161
168.0,-58.995950215112025,-2.138794680919161
168.0,-58.99568022945283,-2.1390644774009364
168.0,-58.99703015774882,-2.1390644774009364
168.0,-59.0008099569776,-2.139334273882712
168.0,-59.00296984225118,-2.139604070364488
168.0,-58.99649018643042,-2.139604070364488
168.0,-58.99568022945283,-2.140143663328039
168.0,-59.00296984225118,-2.1404134598098143
168.0,-58.99487027247523,-2.1398738668462634
168.0,-59.00296984225118,-2.1406832562915903
168.0,-58.995950215112025,-2.140953052773366
168.0,-58.99568022945283,-2.140953052773366
168.0,-58.99514025813443,-2.140953052773366
168.0,-58.99460028681603,-2.140953052773366
168.0,-58.995950215112025,-2.142032238700468
168.0,-58.99379032983844,-2.1414926457369168
168.0,-58.99352034417924,-2.142841628145795
168.0,-59.00350981356958,-2.143651017591122
168.0,-59.00269985659198,-2.143381221109346
168.0,-58.99352034417924,-2.143651017591122
168.0,-59.00269985659198,-2.1439208140728976
168.0,-59.00485974186557,-2.1452697964817755
168.0,-59.00350981356958,-2.146348982408878
168.0,-59.003779799228774,-2.147158371854205
168.0,-59.00323982791038,-2.1495865401901857
168.0,-59.00296984225118,-2.1495865401901857
168.0,-59.00269985659198,-2.1495865401901857
168.0,-59.00242987093279,-2.1493167437084097
168.0,-59.00161991395519,-2.1501261331537367
168.0,-58.994330301156836,-2.151205319080839
168.0,-58.99541024379363,-2.151475115562615
171.0,-58.99811010038561,-2.138794680919161
171.0,-58.999460028681604,-2.138524884437385
171.0,-58.99892005736321,-2.1390644774009364
171.0,-59.00107994263679,-2.138794680919161
171.0,-58.99838008604481,-2.138794680919161
171.0,-58.99541024379363,-2.1390644774009364
171.0,-58.99730014340802,-2.139604070364488
171.0,-58.99541024379363,-2.139604070364488
171.0,-59.00269985659198,-2.139604070364488
171.0,-59.000539971318396,-2.139604070364488
171.0,-59.00242987093279,-2.139604070364488
171.0,-58.99487027247523,-2.139604070364488
171.0,-58.99487027247523,-2.140143663328039
171.0,-58.99568022945283,-2.1404134598098143
171.0,-59.00323982791038,-2.1404134598098143
171.0,-58.99352034417924,-2.1406832562915903
171.0,-58.99514025813443,-2.1412228492551413
171.0,-58.99487027247523,-2.140953052773366
171.0,-58.994060315497634,-2.1414926457369168
171.0,-58.99379032983844,-2.1412228492551413
171.0,-59.004049784887975,-2.1423020351822437
171.0,-58.99352034417924,-2.1417624422186927
171.0,-59.004049784887975,-2.1425718316640197
171.0,-59.003779799228774,-2.1431114246275706
171.0,-58.99352034417924,-2.1431114246275706
171.0,-59.00242987093279,-2.143651017591122
171.0,-59.004049784887975,-2.144190610554673
171.0,-59.00242987093279,-2.144190610554673
171.0,-59.00485974186557,-2.1455395929635515
171.0,-59.00431977054717,-2.1455395929635515
171.0,-59.004049784887975,-2.1460791859271025
171.0,-59.004049784887975,-2.146348982408878
171.0,-59.00296984225118,-2.1493167437084097
171.0,-59.00296984225118,-2.149856336671961
171.0,-59.0008099569776,-2.150665726117288
171.0,-59.0008099569776,-2.151205319080839
171.0,-59.0008099569776,-2.151475115562615
174.0,-58.99811010038561,-2.138524884437385
174.0,-59.001349928295994,-2.138524884437385
174.0,-59.00242987093279,-2.139334273882712
174.0,-59.002159885273585,-2.139334273882712
174.0,-59.002159885273585,-2.139604070364488
174.0,-58.99487027247523,-2.139334273882712
174.0,-58.997840114726415,-2.139604070364488
174.0,-58.99514025813443,-2.1398738668462634
174.0,-58.99460028681603,-2.140143663328039
174.0,-59.00350981356958,-2.140143663328039
174.0,-59.00296984225118,-2.140143663328039
174.0,-58.99541024379363,-2.1404134598098143
174.0,-58.994330301156836,-2.1404134598098143
174.0,-58.99568022945283,-2.142032238700468
174.0,-58.99379032983844,-2.1423020351822437
174.0,-59.004049784887975,-2.143381221109346
174.0,-59.00323982791038,-2.1439208140728976
174.0,-59.003779799228774,-2.1439208140728976
174.0,-59.00431977054717,-2.1444604070364486
174.0,-59.002159885273585,-2.1447302035182245
174.0,-59.00485974186557,-2.145
174.0,-59.00458975620637,-2.145
174.0,-59.00458975620637,-2.145809389445327
174.0,-59.00350981356958,-2.1460791859271025
174.0,-59.003779799228774,-2.146618778890654
174.0,-59.003779799228774,-2.1485073542630833
174.0,-59.00431977054717,-2.1493167437084097
174.0,-59.003779799228774,-2.1495865401901857
174.0,-59.00242987093279,-2.1495865401901857
174.0,-59.00323982791038,-2.149856336671961
174.0,-59.00161991395519,-2.150395929635512
174.0,-59.001349928295994,-2.151205319080839
174.0,-58.994060315497634,-2.151475115562615
174.0,-59.000539971318396,-2.151475115562615
174.0,-58.994060315497634,-2.151205319080839
177.0,-59.001349928295994,-2.138794680919161
177.0,-58.997840114726415,-2.1382550879556095
177.0,-58.997840114726415,-2.138794680919161
177.0,-59.0008099569776,-2.138794680919161
177.0,-58.99892005736321,-2.138524884437385
177.0,-58.99703015774882,-2.138524884437385
177.0,-58.99676017208962,-2.138794680919161
177.0,-59.00107994263679,-2.139334273882712
177.0,-58.996220200771226,-2.138794680919161
177.0,-58.99541024379363,-2.138794680919161
177.0,-59.002159885273585,-2.1390644774009364
177.0,-58.99460028681603,-2.1390644774009364
177.0,-58.99460028681603,-2.139334273882712
177.0,-59.00107994263679,-2.1398738668462634
177.0,-58.99514025813443,-2.139604070364488
177.0,-59.00323982791038,-2.1398738668462634
177.0,-58.99514025813443,-2.1404134598098143
177.0,-58.99514025813443,-2.1406832562915903
177.0,-58.994060315497634,-2.140143663328039
177.0,-58.99568022945283,-2.1406832562915903
177.0,-58.994330301156836,-2.140953052773366
177.0,-58.99352034417924,-2.1412228492551413
177.0,-58.99352034417924,-2.1414926457369168
177.0,-59.003779799228774,-2.1417624422186927
177.0,-59.003779799228774,-2.142841628145795
177.0,-59.003779799228774,-2.143381221109346
177.0,-59.00323982791038,-2.143651017591122
177.0,-59.00296984225118,-2.143651017591122
177.0,-59.00242987093279,-2.1439208140728976
177.0,-59.003779799228774,-2.144190610554673
177.0,-59.00458975620637,-2.1444604070364486
177.0,-59.00512972752477,-2.1447302035182245
177.0,-59.00458975620637,-2.1447302035182245
177.0,-59.003779799228774,-2.1476979648177563
177.0,-59.004049784887975,-2.1485073542630833
177.0,-59.00350981356958,-2.1485073542630833
177.0,-59.003779799228774,-2.149856336671961
177.0,-59.00350981356958,-2.149856336671961
177.0,-59.00323982791038,-2.1493167437084097
177.0,-59.002159885273585,-2.149856336671961
177.0,-59.00323982791038,-2.1501261331537367
177.0,-59.00188989961439,-2.149856336671961
177.0,-59.00161991395519,-2.150665726117288
180.0,-58.998650071704006,-2.138524884437385
180.0,-58.99676017208962,-2.138524884437385
180.0,-58.9997300143408,-2.138524884437385
180.0,-59.0002699856592,-2.138794680919161
180.0,-58.99757012906721,-2.1390644774009364
180.0,-58.99649018643042,-2.138794680919161
180.0,-58.99649018643042,-2.138524884437385
180.0,-58.99541024379363,-2.139334273882712
180.0,-59.00242987093279,-2.1390644774009364
180.0,-58.994330301156836,-2.1390644774009364
180.0,-58.997840114726415,-2.139334273882712
180.0,-58.99514025813443,-2.139334273882712
180.0,-59.00107994263679,-2.140143663328039
180.0,-59.00323982791038,-2.140143663328039
180.0,-59.00350981356958,-2.1404134598098143
180.0,-58.99460028681603,-2.1398738668462634
180.0,-58.99379032983844,-2.1398738668462634
180.0,-58.99487027247523,-2.1404134598098143
180.0,-59.00323982791038,-2.140953052773366
180.0,-58.99541024379363,-2.1406832562915903
180.0,-58.99541024379363,-2.140953052773366
180.0,-58.994060315497634,-2.1404134598098143
180.0,-59.00350981356958,-2.1414926457369168
180.0,-58.99379032983844,-2.1417624422186927
180.0,-59.00350981356958,-2.1431114246275706
180.0,-59.00350981356958,-2.1439208140728976
180.0,-59.002159885273585,-2.143381221109346
180.0,-59.00431977054717,-2.144190610554673
180.0,-59.00485974186557,-2.1447302035182245
180.0,-59.00512972752477,-2.1452697964817755
180.0,-59.00512972752477,-2.145
180.0,-59.00512972752477,-2.1455395929635515
180.0,-59.003779799228774,-2.146348982408878
180.0,-59.00350981356958,-2.146618778890654
180.0,-59.00350981356958,-2.1468885753724294
180.0,-59.00431977054717,-2.1495865401901857
180.0,-59.00350981356958,-2.1495865401901857
180.0,-59.003779799228774,-2.1501261331537367
180.0,-59.00161991395519,-2.149856336671961
180.0,-59.00296984225118,-2.1501261331537367
180.0,-59.00296984225118,-2.150395929635512
180.0,-59.0008099569776,-2.150395929635512
180.0,-59.001349928295994,-2.150665726117288
180.0,-59.00161991395519,-2.1509355225990636
183.0,-58.99838008604481,-2.1382550879556095
183.0,-58.99811010038561,-2.1382550879556095
183.0,-58.997840114726415,-2.138524884437385
183.0,-58.99649018643042,-2.1382550879556095
183.0,-58.996220200771226,-2.138524884437385
183.0,-58.995950215112025,-2.138524884437385
183.0,-58.99568022945283,-2.138524884437385
183.0,-59.002159885273585,-2.138794680919161
183.0,-58.99730014340802,-2.138794680919161
183.0,-58.99730014340802,-2.139334273882712
183.0,-58.994330301156836,-2.139334273882712
183.0,-59.00188989961439,-2.139604070364488
183.0,-59.00188989961439,-2.1398738668462634
183.0,-59.00350981356958,-2.1398738668462634
183.0,-58.99379032983844,-2.140143663328039
183.0,-59.003779799228774,-2.1404134598098143
183.0,-59.00350981356958,-2.1406832562915903
183.0,-58.99487027247523,-2.1406832562915903
183.0,-58.99460028681603,-2.1406832562915903
183.0,-59.003779799228774,-2.1412228492551413
183.0,-59.00323982791038,-2.1412228492551413
183.0,-59.00323982791038,-2.1414926457369168
183.0,-59.003779799228774,-2.1414926457369168
183.0,-59.00431977054717,-2.142032238700468
183.0,-59.004049784887975,-2.1431114246275706
183.0,-59.00485974186557,-2.1444604070364486
183.0,-59.00539971318397,-2.1452697964817755
183.0,-59.004049784887975,-2.146618778890654
183.0,-59.003779799228774,-2.1482375577813073
183.0,-59.00431977054717,-2.1490469472266343
183.0,-59.004049784887975,-2.1495865401901857
183.0,-59.00350981356958,-2.1501261331537367
183.0,-59.00269985659198,-2.149856336671961
183.0,-59.00269985659198,-2.1501261331537367
183.0,-59.00269985659198,-2.150665726117288
183.0,-59.00161991395519,-2.151205319080839
183.0,-58.99379032983844,-2.151205319080839
183.0,-58.99379032983844,-2.151475115562615
186.0,-59.00161991395519,-2.138794680919161
186.0,-58.99757012906721,-2.138524884437385
186.0,-58.99676017208962,-2.1382550879556095
186.0,-58.996220200771226,-2.1382550879556095
186.0,-59.00107994263679,-2.1390644774009364
186.0,-58.99514025813443,-2.138524884437385
186.0,-58.994330301156836,-2.138794680919161
186.0,-58.994060315497634,-2.1390644774009364
186.0,-58.99811010038561,-2.139334273882712
186.0,-59.00188989961439,-2.139334273882712
186.0,-58.99757012906721,-2.139334273882712
186.0,-58.994330301156836,-2.140143663328039
186.0,-58.994060315497634,-2.1398738668462634
186.0,-58.99352034417924,-2.140143663328039
186.0,-59.003779799228774,-2.140143663328039
186.0,-58.99460028681603,-2.1404134598098143
186.0,-59.003779799228774,-2.140953052773366
186.0,-59.004049784887975,-2.1417624422186927
186.0,-59.004049784887975,-2.142032238700468
186.0,-59.003779799228774,-2.143651017591122
186.0,-59.00539971318397,-2.145
186.0,-59.00485974186557,-2.145809389445327
186.0,-59.004049784887975,-2.1468885753724294
186.0,-59.003779799228774,-2.1468885753724294
186.0,-59.003779799228774,-2.147967761299532
186.0,-59.004049784887975,-2.1482375577813073
186.0,-59.00242987093279,-2.149856336671961
186.0,-59.00242987093279,-2.1501261331537367
186.0,-59.00188989961439,-2.1501261331537367
186.0,-59.003779799228774,-2.150395929635512
186.0,-59.00323982791038,-2.150395929635512
186.0,-59.00269985659198,-2.150395929635512
186.0,-59.001349928295994,-2.1509355225990636
189.0,-58.99892005736321,-2.1382550879556095
189.0,-58.99568022945283,-2.1382550879556095
189.0,-59.00161991395519,-2.1390644774009364
189.0,-59.00161991395519,-2.138524884437385
189.0,-59.00242987093279,-2.138794680919161
189.0,-58.994060315497634,-2.139334273882712
189.0,-59.00323982791038,-2.139604070364488
189.0,-58.994330301156836,-2.1398738668462634
189.0,-59.0008099569776,-2.1398738668462634
189.0,-59.00350981356958,-2.140953052773366
189.0,-59.00350981356958,-2.1417624422186927
189.0,-59.00431977054717,-2.1417624422186927
189.0,-59.004049784887975,-2.143651017591122
189.0,-59.00539971318397,-2.145809389445327
189.0,-59.00350981356958,-2.1482375577813073
189.0,-59.00458975620637,-2.1487771507448588
189.0,-59.002159885273585,-2.1501261331537367
189.0,-59.00350981356958,-2.150395929635512
189.0,-59.004049784887975,-2.150665726117288
189.0,-59.00323982791038,-2.150665726117288
189.0,-59.00242987093279,-2.150665726117288
192.0,-58.99541024379363,-2.1382550879556095
192.0,-58.999460028681604,-2.1382550879556095
192.0,-58.99757012906721,-2.1382550879556095
192.0,-58.99730014340802,-2.1382550879556095
192.0,-58.99541024379363,-2.138524884437385
192.0,-58.99487027247523,-2.138524884437385
192.0,-58.99514025813443,-2.138794680919161
192.0,-59.00188989961439,-2.138794680919161
192.0,-58.99757012906721,-2.138794680919161
192.0,-59.00188989961439,-2.1390644774009364
192.0,-58.997840114726415,-2.1390644774009364
192.0,-58.99757012906721,-2.139604070364488
192.0,-58.99487027247523,-2.1390644774009364
192.0,-58.99379032983844,-2.139334273882712
192.0,-59.00161991395519,-2.1398738668462634
192.0,-59.00350981356958,-2.139604070364488
192.0,-59.00107994263679,-2.139604070364488
192.0,-59.000539971318396,-2.1398738668462634
192.0,-58.994330301156836,-2.139604070364488
192.0,-58.99379032983844,-2.139604070364488
192.0,-58.994060315497634,-2.139604070364488
192.0,-58.99352034417924,-2.139604070364488
192.0,-59.004049784887975,-2.1404134598098143
192.0,-58.99379032983844,-2.1404134598098143
192.0,-59.004049784887975,-2.140953052773366
192.0,-59.00350981356958,-2.1412228492551413
192.0,-59.004049784887975,-2.1414926457369168
192.0,-59.00458975620637,-2.144190610554673
192.0,-59.005669698843164,-2.1447302035182245
192.0,-59.00539971318397,-2.1455395929635515
192.0,-59.00512972752477,-2.1460791859271025
192.0,-59.00458975620637,-2.1460791859271025
192.0,-59.00431977054717,-2.146348982408878
192.0,-59.00485974186557,-2.1490469472266343
192.0,-59.00458975620637,-2.1493167437084097
192.0,-59.00431977054717,-2.149856336671961
192.0,-59.00296984225118,-2.150665726117288
192.0,-59.00242987093279,-2.150395929635512
192.0,-59.001349928295994,-2.151475115562615
195.0,-58.99730014340802,-2.138524884437385
195.0,-58.99703015774882,-2.1382550879556095
195.0,-58.99487027247523,-2.138794680919161
195.0,-58.99514025813443,-2.1390644774009364
195.0,-59.00161991395519,-2.139334273882712
195.0,-58.99811010038561,-2.1390644774009364
195.0,-58.994060315497634,-2.138794680919161
195.0,-58.99379032983844,-2.1390644774009364
195.0,-59.00323982791038,-2.139334273882712
195.0,-58.99352034417924,-2.139334273882712
195.0,-59.003779799228774,-2.139604070364488
195.0,-59.00161991395519,-2.139604070364488
195.0,-59.004049784887975,-2.1412228492551413
195.0,-59.00458975620637,-2.1417624422186927
195.0,-59.00458975620637,-2.1423020351822437
195.0,-59.00431977054717,-2.1423020351822437
195.0,-59.004049784887975,-2.1439208140728976
195.0,-59.00512972752477,-2.1444604070364486
195.0,-59.005669698843164,-2.1444604070364486
195.0,-59.005669698843164,-2.1455395929635515
195.0,-59.00539971318397,-2.1460791859271025
195.0,-59.00485974186557,-2.146348982408878
195.0,-59.00458975620637,-2.146348982408878
195.0,-59.004049784887975,-2.147158371854205
195.0,-59.00458975620637,-2.1485073542630833
195.0,-59.004049784887975,-2.1501261331537367
195.0,-59.002159885273585,-2.150395929635512
195.0,-59.00431977054717,-2.150665726117288
195.0,-59.00350981356958,-2.1509355225990636
195.0,-59.002159885273585,-2.1509355225990636
195.0,-58.99352034417924,-2.151205319080839
195.0,-58.99352034417924,-2.151475115562615
198.0,-58.9991900430224,-2.1382550879556095
198.0,-58.99568022945283,-2.138794680919161
198.0,-59.002159885273585,-2.138524884437385
198.0,-58.99460028681603,-2.138524884437385
198.0,-58.994330301156836,-2.138524884437385
198.0,-59.001349928295994,-2.139334273882712
198.0,-59.001349928295994,-2.1390644774009364
198.0,-58.99352034417924,-2.1390644774009364
198.0,-59.004049784887975,-2.139604070364488
198.0,-59.001349928295994,-2.1398738668462634
198.0,-59.003779799228774,-2.1406832562915903
198.0,-59.00458975620637,-2.1414926457369168
198.0,-59.00458975620637,-2.142032238700468
198.0,-59.00458975620637,-2.1425718316640197
198.0,-59.005939684502366,-2.1447302035182245
198.0,-59.00539971318397,-2.1444604070364486
198.0,-59.005669698843164,-2.145809389445327
198.0,-59.00539971318397,-2.146348982408878
198.0,-59.00485974186557,-2.1460791859271025
198.0,-59.00512972752477,-2.146348982408878
198.0,-59.00458975620637,-2.146618778890654
198.0,-59.00431977054717,-2.146618778890654
198.0,-59.00431977054717,-2.1468885753724294
198.0,-59.004049784887975,-2.1474281683359804
198.0,-59.00512972752477,-2.1493167437084097
198.0,-59.00431977054717,-2.1487771507448588
198.0,-59.004049784887975,-2.1487771507448588
198.0,-59.003779799228774,-2.1493167437084097
198.0,-59.003779799228774,-2.150665726117288
198.0,-59.00350981356958,-2.150665726117288
198.0,-59.003779799228774,-2.1509355225990636
198.0,-59.00269985659198,-2.1509355225990636
198.0,-59.00296984225118,-2.1509355225990636
198.0,-59.002159885273585,-2.150665726117288
201.0,-58.995950215112025,-2.1382550879556095
201.0,-59.00188989961439,-2.138524884437385
201.0,-58.994330301156836,-2.1382550879556095
201.0,-58.99379032983844,-2.138794680919161
201.0,-58.99352034417924,-2.1398738668462634
201.0,-59.00431977054717,-2.1412228492551413
201.0,-59.00458975620637,-2.1439208140728976
201.0,-59.00539971318397,-2.1447302035182245
201.0,-59.005939684502366,-2.145
201.0,-59.00539971318397,-2.146618778890654
201.0,-59.00485974186557,-2.146618778890654
201.0,-59.00431977054717,-2.147967761299532
201.0,-59.004049784887975,-2.150395929635512
201.0,-59.00323982791038,-2.151205319080839
201.0,-59.00242987093279,-2.1509355225990636
201.0,-59.00188989961439,-2.1509355225990636
204.0,-59.002159885273585,-2.1382550879556095
204.0,-58.994060315497634,-2.138524884437385
204.0,-58.99352034417924,-2.138524884437385
204.0,-58.99352034417924,-2.138794680919161
204.0,-59.00296984225118,-2.1390644774009364
204.0,-59.00431977054717,-2.139334273882712
204.0,-59.003779799228774,-2.1398738668462634
204.0,-59.00431977054717,-2.1414926457369168
204.0,-59.00485974186557,-2.143651017591122
204.0,-59.00512972752477,-2.144190610554673
204.0,-59.00512972752477,-2.145809389445327
204.0,-59.005939684502366,-2.1460791859271025
204.0,-59.00485974186557,-2.1468885753724294
204.0,-59.00458975620637,-2.1468885753724294
204.0,-59.00431977054717,-2.1474281683359804
204.0,-59.00431977054717,-2.1485073542630833
204.0,-59.00458975620637,-2.1490469472266343
204.0,-59.00485974186557,-2.1493167437084097
204.0,-59.00485974186557,-2.1495865401901857
204.0,-59.003779799228774,-2.151205319080839
207.0,-58.99460028681603,-2.138794680919161
207.0,-59.00458975620637,-2.139334273882712
207.0,-59.00350981356958,-2.139334273882712
207.0,-59.0008099569776,-2.140143663328039
207.0,-59.00431977054717,-2.140143663328039
207.0,-59.00431977054717,-2.1425718316640197
207.0,-59.00431977054717,-2.143651017591122
207.0,-59.005669698843164,-2.144190610554673
207.0,-59.00485974186557,-2.144190610554673
207.0,-59.005669698843164,-2.1452697964817755
207.0,-59.005939684502366,-2.1455395929635515
207.0,-59.005939684502366,-2.145809389445327
207.0,-59.005669698843164,-2.146348982408878
207.0,-59.003779799228774,-2.1474281683359804
207.0,-59.00431977054717,-2.1482375577813073
207.0,-59.00512972752477,-2.1495865401901857
207.0,-59.00458975620637,-2.1495865401901857
207.0,-59.00485974186557,-2.149856336671961
207.0,-59.00188989961439,-2.150395929635512
207.0,-59.00431977054717,-2.1509355225990636
207.0,-59.00323982791038,-2.1509355225990636
207.0,-59.00188989961439,-2.151205319080839
207.0,-59.00296984225118,-2.151205319080839
207.0,-59.00350981356958,-2.151475115562615
210.0,-59.00323982791038,-2.138794680919161
210.0,-59.00323982791038,-2.1390644774009364
210.0,-59.00485974186557,-2.1417624422186927
210.0,-59.00431977054717,-2.142841628145795
210.0,-59.00431977054717,-2.1439208140728976
210.0,-59.00485974186557,-2.1439208140728976
210.0,-59.00539971318397,-2.144190610554673
210.0,-59.005669698843164,-2.145
210.0,-59.00431977054717,-2.1476979648177563
210.0,-59.004049784887975,-2.147967761299532
210.0,-59.00539971318397,-2.1490469472266343
210.0,-59.00458975620637,-2.149856336671961
210.0,-59.00458975620637,-2.1501261331537367
210.0,-59.00431977054717,-2.150395929635512
210.0,-59.00350981356958,-2.151205319080839
210.0,-59.00269985659198,-2.151475115562615
210.0,-59.00161991395519,-2.151475115562615
213.0,-59.004049784887975,-2.139334273882712
213.0,-59.00350981356958,-2.1390644774009364
213.0,-59.00485974186557,-2.142032238700468
213.0,-59.005669698843164,-2.1460791859271025
213.0,-59.004049784887975,-2.1476979648177563
213.0,-59.00539971318397,-2.1487771507448588
213.0,-59.00512972752477,-2.1487771507448588
213.0,-59.00188989961439,-2.150665726117288
213.0,-59.004049784887975,-2.1509355225990636
213.0,-59.002159885273585,-2.151205319080839
216.0,-59.00161991395519,-2.1382550879556095
216.0,-58.99379032983844,-2.138524884437385
216.0,-59.00296984225118,-2.138794680919161
216.0,-59.00296984225118,-2.139334273882712
216.0,-59.004049784887975,-2.1398738668462634
216.0,-59.00485974186557,-2.1423020351822437
216.0,-59.00458975620637,-2.142841628145795
216.0,-59.00485974186557,-2.143381221109346
216.0,-59.00431977054717,-2.143381221109346
216.0,-59.00458975620637,-2.143651017591122
216.0,-59.00512972752477,-2.1439208140728976
216.0,-59.00512972752477,-2.1490469472266343
216.0,-59.00485974186557,-2.1485073542630833
216.0,-59.00485974186557,-2.1501261331537367
216.0,-59.00431977054717,-2.1501261331537367
216.0,-59.00431977054717,-2.151205319080839
219.0,-59.00431977054717,-2.139604070364488
219.0,-59.004049784887975,-2.1390644774009364
219.0,-59.004049784887975,-2.140143663328039
219.0,-59.00620967016156,-2.145809389445327
219.0,-59.00485974186557,-2.147158371854205
219.0,-59.00485974186557,-2.1482375577813073
219.0,-59.00485974186557,-2.1487771507448588
219.0,-59.00539971318397,-2.1493167437084097
219.0,-59.00458975620637,-2.1509355225990636
219.0,-59.00431977054717,-2.151475115562615
222.0,-59.00269985659198,-2.1390644774009364
222.0,-59.00458975620637,-2.1431114246275706
222.0,-59.00512972752477,-2.1431114246275706
222.0,-59.005669698843164,-2.1490469472266343
222.0,-59.00512972752477,-2.149856336671961
222.0,-59.004049784887975,-2.151205319080839
222.0,-59.00242987093279,-2.151205319080839
222.0,-59.004049784887975,-2.151475115562615
225.0,-59.00269985659198,-2.138794680919161
225.0,-59.003779799228774,-2.139334273882712
225.0,-59.00269985659198,-2.139334273882712
225.0,-59.00485974186557,-2.1425718316640197
225.0,-59.00485974186557,-2.142841628145795
225.0,-59.00485974186557,-2.1431114246275706
225.0,-59.00512972752477,-2.143381221109346
225.0,-59.00458975620637,-2.143381221109346
225.0,-59.005939684502366,-2.1452697964817755
225.0,-59.00647965582076,-2.1455395929635515
225.0,-59.00512972752477,-2.1485073542630833
225.0,-59.00458975620637,-2.151205319080839
228.0,-59.003779799228774,-2.1390644774009364
228.0,-59.00350981356958,-2.138794680919161
228.0,-59.00512972752477,-2.142841628145795
228.0,-59.00539971318397,-2.143381221109346
228.0,-59.00620967016156,-2.1452697964817755
228.0,-59.00647965582076,-2.1460791859271025
228.0,-59.00539971318397,-2.1485073542630833
228.0,-59.005669698843164,-2.1493167437084097
228.0,-59.00485974186557,-2.151475115562615
231.0,-59.00431977054717,-2.1398738668462634
231.0,-59.00539971318397,-2.143651017591122
231.0,-59.00512972752477,-2.143651017591122
231.0,-59.00620967016156,-2.1460791859271025
231.0,-59.00512972752477,-2.1482375577813073
234.0,-59.00350981356958,-2.138524884437385
234.0,-59.00539971318397,-2.1431114246275706
234.0,-59.005669698843164,-2.1487771507448588
234.0,-59.00539971318397,-2.1501261331537367
234.0,-59.00512972752477,-2.1501261331537367
234.0,-59.00458975620637,-2.150665726117288
234.0,-59.00512972752477,-2.151205319080839
237.0,-59.00242987093279,-2.138524884437385
237.0,-59.00647965582076,-2.146348982408878
237.0,-59.00620967016156,-2.146348982408878
237.0,-59.005939684502366,-2.1487771507448588
237.0,-59.005939684502366,-2.1490469472266343
237.0,-59.00242987093279,-2.151475115562615
237.0,-59.002159885273585,-2.151475115562615
240.0,-59.005669698843164,-2.143381221109346
240.0,-59.00647965582076,-2.145
240.0,-59.006749641479956,-2.146348982408878
240.0,-59.00647965582076,-2.145809389445327
240.0,-59.00620967016156,-2.146618778890654
240.0,-59.005939684502366,-2.1495865401901857
240.0,-59.00539971318397,-2.1495865401901857
240.0,-59.00512972752477,-2.150395929635512
240.0,-59.00485974186557,-2.151205319080839
